customerNumber,customerName,firstName,lastName,phone,addressLine1,city,state,country,creditLimit,segment
1,First1 Last1,First1,Last1,+1-555-0001,1 Main Street,Vancouver,,Canada,28000,Regular
2,First2 Last2,First2,Last2,+1-555-0002,2 Main Street,Paris,,France,15043,Regular
3,First3 Last3,First3,Last3,+1-555-0003,3 Main Street,Sydney,,Australia,89306,Regular
4,First4 Last4,First4,Last4,+1-555-0004,4 Main Street,Marseille,,France,49361,Enterprise
5,First5 Last5,First5,Last5,+1-555-0005,5 Main Street,Hamburg,,Germany,68578,Premium
6,First6 Last6,First6,Last6,+1-555-0006,6 Main Street,Los Angeles,,USA,42214,Premium
7,First7 Last7,First7,Last7,+1-555-0007,7 Main Street,Toronto,,Canada,48645,Premium
8,First8 Last8,First8,Last8,+1-555-0008,8 Main Street,Sydney,,Australia,20223,Regular
9,First9 Last9,First9,Last9,+1-555-0009,9 Main Street,Lyon,,France,68890,Enterprise
10,First10 Last10,First10,Last10,+1-555-0010,10 Main Street,Melbourne,,Australia,60359,Enterprise
11,First11 Last11,First11,Last11,+1-555-0011,11 Main Street,Manchester,,UK,37717,Enterprise
12,First12 Last12,First12,Last12,+1-555-0012,12 Main Street,Sydney,,Australia,41827,Enterprise
13,First13 Last13,First13,Last13,+1-555-0013,13 Main Street,Osaka,,Japan,27401,Regular
14,First14 Last14,First14,Last14,+1-555-0014,14 Main Street,Paris,,France,30233,Regular
15,First15 Last15,First15,Last15,+1-555-0015,15 Main Street,Paris,,France,76297,Premium
16,First16 Last16,First16,Last16,+1-555-0016,16 Main Street,Toronto,,Canada,77752,Premium
17,First17 Last17,First17,Last17,+1-555-0017,17 Main Street,Tokyo,,Japan,74588,Enterprise
18,First18 Last18,First18,Last18,+1-555-0018,18 Main Street,Tokyo,,Japan,16822,Premium
19,First19 Last19,First19,Last19,+1-555-0019,19 Main Street,Chicago,,USA,76527,Premium
20,First20 Last20,First20,Last20,+1-555-0020,20 Main Street,Lyon,,France,67658,Regular
21,First21 Last21,First21,Last21,+1-555-0021,21 Main Street,Hamburg,,Germany,84988,Premium
22,First22 Last22,First22,Last22,+1-555-0022,22 Main Street,Munich,,Germany,63473,Enterprise
23,First23 Last23,First23,Last23,+1-555-0023,23 Main Street,Tokyo,,Japan,15976,Enterprise
24,First24 Last24,First24,Last24,+1-555-0024,24 Main Street,Melbourne,,Australia,52214,Premium
25,First25 Last25,First25,Last25,+1-555-0025,25 Main Street,Kyoto,,Japan,18672,Premium
26,First26 Last26,First26,Last26,+1-555-0026,26 Main Street,London,,UK,16667,Enterprise
27,First27 Last27,First27,Last27,+1-555-0027,27 Main Street,Munich,,Germany,97859,Regular
28,First28 Last28,First28,Last28,+1-555-0028,28 Main Street,Chicago,,USA,36529,Regular
29,First29 Last29,First29,Last29,+1-555-0029,29 Main Street,London,,UK,36661,Regular
30,First30 Last30,First30,Last30,+1-555-0030,30 Main Street,Paris,,France,69690,Premium
31,First31 Last31,First31,Last31,+1-555-0031,31 Main Street,Osaka,,Japan,20854,Premium
32,First32 Last32,First32,Last32,+1-555-0032,32 Main Street,Paris,,France,48376,Enterprise
33,First33 Last33,First33,Last33,+1-555-0033,33 Main Street,Kyoto,,Japan,41673,Regular
34,First34 Last34,First34,Last34,+1-555-0034,34 Main Street,Kyoto,,Japan,79882,Regular
35,First35 Last35,First35,Last35,+1-555-0035,35 Main Street,Lyon,,France,44503,Premium
36,First36 Last36,First36,Last36,+1-555-0036,36 Main Street,Marseille,,France,83352,Regular
37,First37 Last37,First37,Last37,+1-555-0037,37 Main Street,Houston,,USA,59485,Premium
38,First38 Last38,First38,Last38,+1-555-0038,38 Main Street,Houston,,USA,47281,Premium
39,First39 Last39,First39,Last39,+1-555-0039,39 Main Street,Hamburg,,Germany,34144,Premium
40,First40 Last40,First40,Last40,+1-555-0040,40 Main Street,Tokyo,,Japan,22597,Premium
41,First41 Last41,First41,Last41,+1-555-0041,41 Main Street,Vancouver,,Canada,55133,Premium
42,First42 Last42,First42,Last42,+1-555-0042,42 Main Street,Hamburg,,Germany,41886,Regular
43,First43 Last43,First43,Last43,+1-555-0043,43 Main Street,Montreal,,Canada,70788,Premium
44,First44 Last44,First44,Last44,+1-555-0044,44 Main Street,Manchester,,UK,37738,Enterprise
45,First45 Last45,First45,Last45,+1-555-0045,45 Main Street,Berlin,,Germany,27612,Regular
46,First46 Last46,First46,Last46,+1-555-0046,46 Main Street,Osaka,,Japan,35290,Enterprise
47,First47 Last47,First47,Last47,+1-555-0047,47 Main Street,Osaka,,Japan,95501,Enterprise
48,First48 Last48,First48,Last48,+1-555-0048,48 Main Street,Munich,,Germany,72192,Premium
49,First49 Last49,First49,Last49,+1-555-0049,49 Main Street,Munich,,Germany,55719,Regular
50,First50 Last50,First50,Last50,+1-555-0050,50 Main Street,London,,UK,60845,Premium
51,First51 Last51,First51,Last51,+1-555-0051,51 Main Street,Kyoto,,Japan,98311,Premium
52,First52 Last52,First52,Last52,+1-555-0052,52 Main Street,London,,UK,15771,Enterprise
53,First53 Last53,First53,Last53,+1-555-0053,53 Main Street,Birmingham,,UK,26001,Regular
54,First54 Last54,First54,Last54,+1-555-0054,54 Main Street,Hamburg,,Germany,15232,Enterprise
55,First55 Last55,First55,Last55,+1-555-0055,55 Main Street,Berlin,,Germany,97321,Regular
56,First56 Last56,First56,Last56,+1-555-0056,56 Main Street,Birmingham,,UK,80894,Enterprise
57,First57 Last57,First57,Last57,+1-555-0057,57 Main Street,Osaka,,Japan,54232,Premium
58,First58 Last58,First58,Last58,+1-555-0058,58 Main Street,Berlin,,Germany,95165,Enterprise
59,First59 Last59,First59,Last59,+1-555-0059,59 Main Street,Tokyo,,Japan,72416,Enterprise
60,First60 Last60,First60,Last60,+1-555-0060,60 Main Street,Toronto,,Canada,74987,Premium
61,First61 Last61,First61,Last61,+1-555-0061,61 Main Street,Paris,,France,90020,Enterprise
62,First62 Last62,First62,Last62,+1-555-0062,62 Main Street,Marseille,,France,61747,Regular
63,First63 Last63,First63,Last63,+1-555-0063,63 Main Street,Melbourne,,Australia,66738,Premium
64,First64 Last64,First64,Last64,+1-555-0064,64 Main Street,Hamburg,,Germany,35736,Enterprise
65,First65 Last65,First65,Last65,+1-555-0065,65 Main Street,Melbourne,,Australia,13388,Enterprise
66,First66 Last66,First66,Last66,+1-555-0066,66 Main Street,Berlin,,Germany,54434,Regular
67,First67 Last67,First67,Last67,+1-555-0067,67 Main Street,Tokyo,,Japan,94242,Regular
68,First68 Last68,First68,Last68,+1-555-0068,68 Main Street,Hamburg,,Germany,77707,Regular
69,First69 Last69,First69,Last69,+1-555-0069,69 Main Street,Lyon,,France,51699,Regular
70,First70 Last70,First70,Last70,+1-555-0070,70 Main Street,Marseille,,France,46129,Regular
71,First71 Last71,First71,Last71,+1-555-0071,71 Main Street,Paris,,France,56687,Regular
72,First72 Last72,First72,Last72,+1-555-0072,72 Main Street,Toronto,,Canada,99023,Regular
73,First73 Last73,First73,Last73,+1-555-0073,73 Main Street,Houston,,USA,61488,Premium
74,First74 Last74,First74,Last74,+1-555-0074,74 Main Street,Montreal,,Canada,79527,Regular
75,First75 Last75,First75,Last75,+1-555-0075,75 Main Street,Tokyo,,Japan,34195,Enterprise
76,First76 Last76,First76,Last76,+1-555-0076,76 Main Street,Brisbane,,Australia,68955,Regular
77,First77 Last77,First77,Last77,+1-555-0077,77 Main Street,Birmingham,,UK,38564,Premium
78,First78 Last78,First78,Last78,+1-555-0078,78 Main Street,Hamburg,,Germany,25775,Regular
79,First79 Last79,First79,Last79,+1-555-0079,79 Main Street,New York,,USA,62558,Enterprise
80,First80 Last80,First80,Last80,+1-555-0080,80 Main Street,Paris,,France,58807,Enterprise
81,First81 Last81,First81,Last81,+1-555-0081,81 Main Street,Berlin,,Germany,50510,Premium
82,First82 Last82,First82,Last82,+1-555-0082,82 Main Street,Toronto,,Canada,49758,Regular
83,First83 Last83,First83,Last83,+1-555-0083,83 Main Street,Paris,,France,50430,Premium
84,First84 Last84,First84,Last84,+1-555-0084,84 Main Street,Lyon,,France,82218,Premium
85,First85 Last85,First85,Last85,+1-555-0085,85 Main Street,Melbourne,,Australia,43940,Regular
86,First86 Last86,First86,Last86,+1-555-0086,86 Main Street,Paris,,France,66904,Regular
87,First87 Last87,First87,Last87,+1-555-0087,87 Main Street,Lyon,,France,26091,Regular
88,First88 Last88,First88,Last88,+1-555-0088,88 Main Street,Toronto,,Canada,78363,Premium
89,First89 Last89,First89,Last89,+1-555-0089,89 Main Street,New York,,USA,77392,Premium
90,First90 Last90,First90,Last90,+1-555-0090,90 Main Street,Melbourne,,Australia,10819,Regular
91,First91 Last91,First91,Last91,+1-555-0091,91 Main Street,Montreal,,Canada,38737,Regular
92,First92 Last92,First92,Last92,+1-555-0092,92 Main Street,Tokyo,,Japan,41198,Premium
93,First93 Last93,First93,Last93,+1-555-0093,93 Main Street,Paris,,France,31364,Premium
94,First94 Last94,First94,Last94,+1-555-0094,94 Main Street,Melbourne,,Australia,66978,Enterprise
95,First95 Last95,First95,Last95,+1-555-0095,95 Main Street,Brisbane,,Australia,96785,Regular
96,First96 Last96,First96,Last96,+1-555-0096,96 Main Street,Berlin,,Germany,90987,Regular
97,First97 Last97,First97,Last97,+1-555-0097,97 Main Street,Sydney,,Australia,71133,Enterprise
98,First98 Last98,First98,Last98,+1-555-0098,98 Main Street,Marseille,,France,66313,Premium
99,First99 Last99,First99,Last99,+1-555-0099,99 Main Street,Toronto,,Canada,36714,Enterprise
100,First100 Last100,First100,Last100,+1-555-0100,100 Main Street,Hamburg,,Germany,26428,Regular
101,First101 Last101,First101,Last101,+1-555-0101,101 Main Street,Melbourne,,Australia,10561,Enterprise
102,First102 Last102,First102,Last102,+1-555-0102,102 Main Street,Brisbane,,Australia,63679,Regular
103,First103 Last103,First103,Last103,+1-555-0103,103 Main Street,Munich,,Germany,19609,Enterprise
104,First104 Last104,First104,Last104,+1-555-0104,104 Main Street,Brisbane,,Australia,68718,Premium
105,First105 Last105,First105,Last105,+1-555-0105,105 Main Street,Munich,,Germany,30771,Enterprise
106,First106 Last106,First106,Last106,+1-555-0106,106 Main Street,Los Angeles,,USA,61560,Enterprise
107,First107 Last107,First107,Last107,+1-555-0107,107 Main Street,Manchester,,UK,70270,Premium
108,First108 Last108,First108,Last108,+1-555-0108,108 Main Street,Brisbane,,Australia,41948,Regular
109,First109 Last109,First109,Last109,+1-555-0109,109 Main Street,Paris,,France,99509,Enterprise
110,First110 Last110,First110,Last110,+1-555-0110,110 Main Street,Brisbane,,Australia,25044,Enterprise
111,First111 Last111,First111,Last111,+1-555-0111,111 Main Street,New York,,USA,77264,Premium
112,First112 Last112,First112,Last112,+1-555-0112,112 Main Street,London,,UK,86994,Enterprise
113,First113 Last113,First113,Last113,+1-555-0113,113 Main Street,Houston,,USA,65604,Regular
114,First114 Last114,First114,Last114,+1-555-0114,114 Main Street,Marseille,,France,64782,Enterprise
115,First115 Last115,First115,Last115,+1-555-0115,115 Main Street,Vancouver,,Canada,73592,Enterprise
116,First116 Last116,First116,Last116,+1-555-0116,116 Main Street,Chicago,,USA,52680,Enterprise
117,First117 Last117,First117,Last117,+1-555-0117,117 Main Street,Hamburg,,Germany,65766,Regular
118,First118 Last118,First118,Last118,+1-555-0118,118 Main Street,Marseille,,France,25842,Regular
119,First119 Last119,First119,Last119,+1-555-0119,119 Main Street,Brisbane,,Australia,45731,Premium
120,First120 Last120,First120,Last120,+1-555-0120,120 Main Street,Montreal,,Canada,82772,Enterprise
121,First121 Last121,First121,Last121,+1-555-0121,121 Main Street,Paris,,France,68287,Regular
122,First122 Last122,First122,Last122,+1-555-0122,122 Main Street,Tokyo,,Japan,35555,Premium
123,First123 Last123,First123,Last123,+1-555-0123,123 Main Street,New York,,USA,38698,Regular
124,First124 Last124,First124,Last124,+1-555-0124,124 Main Street,Tokyo,,Japan,87127,Enterprise
125,First125 Last125,First125,Last125,+1-555-0125,125 Main Street,Montreal,,Canada,66942,Enterprise
126,First126 Last126,First126,Last126,+1-555-0126,126 Main Street,Tokyo,,Japan,17778,Regular
127,First127 Last127,First127,Last127,+1-555-0127,127 Main Street,Birmingham,,UK,70973,Enterprise
128,First128 Last128,First128,Last128,+1-555-0128,128 Main Street,Manchester,,UK,36428,Regular
129,First129 Last129,First129,Last129,+1-555-0129,129 Main Street,Marseille,,France,67722,Premium
130,First130 Last130,First130,Last130,+1-555-0130,130 Main Street,Berlin,,Germany,27995,Premium
131,First131 Last131,First131,Last131,+1-555-0131,131 Main Street,Montreal,,Canada,25392,Regular
132,First132 Last132,First132,Last132,+1-555-0132,132 Main Street,Birmingham,,UK,84093,Premium
133,First133 Last133,First133,Last133,+1-555-0133,133 Main Street,Toronto,,Canada,64752,Regular
134,First134 Last134,First134,Last134,+1-555-0134,134 Main Street,Hamburg,,Germany,44978,Enterprise
135,First135 Last135,First135,Last135,+1-555-0135,135 Main Street,Los Angeles,,USA,86439,Regular
136,First136 Last136,First136,Last136,+1-555-0136,136 Main Street,Chicago,,USA,39805,Regular
137,First137 Last137,First137,Last137,+1-555-0137,137 Main Street,Osaka,,Japan,36021,Enterprise
138,First138 Last138,First138,Last138,+1-555-0138,138 Main Street,Paris,,France,36398,Regular
139,First139 Last139,First139,Last139,+1-555-0139,139 Main Street,Munich,,Germany,92990,Premium
140,First140 Last140,First140,Last140,+1-555-0140,140 Main Street,Los Angeles,,USA,67791,Enterprise
141,First141 Last141,First141,Last141,+1-555-0141,141 Main Street,Vancouver,,Canada,31958,Enterprise
142,First142 Last142,First142,Last142,+1-555-0142,142 Main Street,Sydney,,Australia,25941,Regular
143,First143 Last143,First143,Last143,+1-555-0143,143 Main Street,New York,,USA,11216,Regular
144,First144 Last144,First144,Last144,+1-555-0144,144 Main Street,Kyoto,,Japan,50924,Regular
145,First145 Last145,First145,Last145,+1-555-0145,145 Main Street,Paris,,France,52707,Regular
146,First146 Last146,First146,Last146,+1-555-0146,146 Main Street,Hamburg,,Germany,22160,Enterprise
147,First147 Last147,First147,Last147,+1-555-0147,147 Main Street,Montreal,,Canada,81933,Premium
148,First148 Last148,First148,Last148,+1-555-0148,148 Main Street,Montreal,,Canada,38039,Enterprise
149,First149 Last149,First149,Last149,+1-555-0149,149 Main Street,Birmingham,,UK,44790,Enterprise
150,First150 Last150,First150,Last150,+1-555-0150,150 Main Street,Sydney,,Australia,23312,Premium
151,First151 Last151,First151,Last151,+1-555-0151,151 Main Street,Vancouver,,Canada,59538,Enterprise
152,First152 Last152,First152,Last152,+1-555-0152,152 Main Street,Houston,,USA,95332,Premium
153,First153 Last153,First153,Last153,+1-555-0153,153 Main Street,Melbourne,,Australia,97349,Enterprise
154,First154 Last154,First154,Last154,+1-555-0154,154 Main Street,Chicago,,USA,29497,Enterprise
155,First155 Last155,First155,Last155,+1-555-0155,155 Main Street,Osaka,,Japan,57349,Regular
156,First156 Last156,First156,Last156,+1-555-0156,156 Main Street,Hamburg,,Germany,35927,Premium
157,First157 Last157,First157,Last157,+1-555-0157,157 Main Street,Melbourne,,Australia,77085,Premium
158,First158 Last158,First158,Last158,+1-555-0158,158 Main Street,Osaka,,Japan,33719,Enterprise
159,First159 Last159,First159,Last159,+1-555-0159,159 Main Street,Los Angeles,,USA,55905,Premium
160,First160 Last160,First160,Last160,+1-555-0160,160 Main Street,Los Angeles,,USA,48289,Enterprise
161,First161 Last161,First161,Last161,+1-555-0161,161 Main Street,Berlin,,Germany,62769,Premium
162,First162 Last162,First162,Last162,+1-555-0162,162 Main Street,Lyon,,France,21231,Premium
163,First163 Last163,First163,Last163,+1-555-0163,163 Main Street,Toronto,,Canada,70998,Regular
164,First164 Last164,First164,Last164,+1-555-0164,164 Main Street,Melbourne,,Australia,76005,Premium
165,First165 Last165,First165,Last165,+1-555-0165,165 Main Street,Berlin,,Germany,72572,Premium
166,First166 Last166,First166,Last166,+1-555-0166,166 Main Street,Marseille,,France,30384,Regular
167,First167 Last167,First167,Last167,+1-555-0167,167 Main Street,Brisbane,,Australia,13087,Enterprise
168,First168 Last168,First168,Last168,+1-555-0168,168 Main Street,Montreal,,Canada,19838,Enterprise
169,First169 Last169,First169,Last169,+1-555-0169,169 Main Street,Munich,,Germany,62354,Enterprise
170,First170 Last170,First170,Last170,+1-555-0170,170 Main Street,Tokyo,,Japan,12904,Regular
171,First171 Last171,First171,Last171,+1-555-0171,171 Main Street,Lyon,,France,97200,Premium
172,First172 Last172,First172,Last172,+1-555-0172,172 Main Street,Marseille,,France,29192,Enterprise
173,First173 Last173,First173,Last173,+1-555-0173,173 Main Street,Lyon,,France,25031,Premium
174,First174 Last174,First174,Last174,+1-555-0174,174 Main Street,Melbourne,,Australia,49814,Regular
175,First175 Last175,First175,Last175,+1-555-0175,175 Main Street,Tokyo,,Japan,50122,Premium
176,First176 Last176,First176,Last176,+1-555-0176,176 Main Street,Berlin,,Germany,29447,Regular
177,First177 Last177,First177,Last177,+1-555-0177,177 Main Street,Hamburg,,Germany,66728,Premium
178,First178 Last178,First178,Last178,+1-555-0178,178 Main Street,Berlin,,Germany,21926,Premium
179,First179 Last179,First179,Last179,+1-555-0179,179 Main Street,Los Angeles,,USA,93426,Regular
180,First180 Last180,First180,Last180,+1-555-0180,180 Main Street,Paris,,France,52214,Premium
181,First181 Last181,First181,Last181,+1-555-0181,181 Main Street,London,,UK,62562,Enterprise
182,First182 Last182,First182,Last182,+1-555-0182,182 Main Street,Paris,,France,45000,Regular
183,First183 Last183,First183,Last183,+1-555-0183,183 Main Street,Lyon,,France,76929,Premium
184,First184 Last184,First184,Last184,+1-555-0184,184 Main Street,Marseille,,France,67519,Premium
185,First185 Last185,First185,Last185,+1-555-0185,185 Main Street,Osaka,,Japan,57689,Enterprise
186,First186 Last186,First186,Last186,+1-555-0186,186 Main Street,Montreal,,Canada,32338,Regular
187,First187 Last187,First187,Last187,+1-555-0187,187 Main Street,London,,UK,52419,Enterprise
188,First188 Last188,First188,Last188,+1-555-0188,188 Main Street,New York,,USA,63552,Premium
189,First189 Last189,First189,Last189,+1-555-0189,189 Main Street,Birmingham,,UK,55793,Enterprise
190,First190 Last190,First190,Last190,+1-555-0190,190 Main Street,Tokyo,,Japan,59227,Premium
191,First191 Last191,First191,Last191,+1-555-0191,191 Main Street,Vancouver,,Canada,43972,Enterprise
192,First192 Last192,First192,Last192,+1-555-0192,192 Main Street,Vancouver,,Canada,96433,Premium
193,First193 Last193,First193,Last193,+1-555-0193,193 Main Street,Sydney,,Australia,62785,Enterprise
194,First194 Last194,First194,Last194,+1-555-0194,194 Main Street,Sydney,,Australia,91445,Regular
195,First195 Last195,First195,Last195,+1-555-0195,195 Main Street,Brisbane,,Australia,89456,Premium
196,First196 Last196,First196,Last196,+1-555-0196,196 Main Street,Munich,,Germany,69397,Regular
197,First197 Last197,First197,Last197,+1-555-0197,197 Main Street,Chicago,,USA,94040,Enterprise
198,First198 Last198,First198,Last198,+1-555-0198,198 Main Street,Melbourne,,Australia,39890,Regular
199,First199 Last199,First199,Last199,+1-555-0199,199 Main Street,Sydney,,Australia,39437,Enterprise
200,First200 Last200,First200,Last200,+1-555-0200,200 Main Street,Brisbane,,Australia,66301,Enterprise
201,First201 Last201,First201,Last201,+1-555-0201,201 Main Street,Vancouver,,Canada,20573,Regular
202,First202 Last202,First202,Last202,+1-555-0202,202 Main Street,Houston,,USA,30555,Premium
203,First203 Last203,First203,Last203,+1-555-0203,203 Main Street,Sydney,,Australia,16073,Enterprise
204,First204 Last204,First204,Last204,+1-555-0204,204 Main Street,Melbourne,,Australia,29533,Premium
205,First205 Last205,First205,Last205,+1-555-0205,205 Main Street,Toronto,,Canada,78161,Regular
206,First206 Last206,First206,Last206,+1-555-0206,206 Main Street,Lyon,,France,18419,Premium
207,First207 Last207,First207,Last207,+1-555-0207,207 Main Street,Osaka,,Japan,77802,Premium
208,First208 Last208,First208,Last208,+1-555-0208,208 Main Street,London,,UK,12204,Enterprise
209,First209 Last209,First209,Last209,+1-555-0209,209 Main Street,Montreal,,Canada,98462,Premium
210,First210 Last210,First210,Last210,+1-555-0210,210 Main Street,Hamburg,,Germany,43672,Regular
211,First211 Last211,First211,Last211,+1-555-0211,211 Main Street,Birmingham,,UK,28632,Regular
212,First212 Last212,First212,Last212,+1-555-0212,212 Main Street,Berlin,,Germany,45512,Enterprise
213,First213 Last213,First213,Last213,+1-555-0213,213 Main Street,Marseille,,France,14090,Regular
214,First214 Last214,First214,Last214,+1-555-0214,214 Main Street,New York,,USA,15443,Premium
215,First215 Last215,First215,Last215,+1-555-0215,215 Main Street,Birmingham,,UK,62889,Enterprise
216,First216 Last216,First216,Last216,+1-555-0216,216 Main Street,Hamburg,,Germany,75158,Regular
217,First217 Last217,First217,Last217,+1-555-0217,217 Main Street,Birmingham,,UK,80524,Enterprise
218,First218 Last218,First218,Last218,+1-555-0218,218 Main Street,Vancouver,,Canada,67598,Enterprise
219,First219 Last219,First219,Last219,+1-555-0219,219 Main Street,Munich,,Germany,68124,Regular
220,First220 Last220,First220,Last220,+1-555-0220,220 Main Street,Montreal,,Canada,41213,Regular
221,First221 Last221,First221,Last221,+1-555-0221,221 Main Street,Montreal,,Canada,73990,Premium
222,First222 Last222,First222,Last222,+1-555-0222,222 Main Street,Montreal,,Canada,29802,Premium
223,First223 Last223,First223,Last223,+1-555-0223,223 Main Street,London,,UK,92691,Enterprise
224,First224 Last224,First224,Last224,+1-555-0224,224 Main Street,Hamburg,,Germany,37825,Premium
225,First225 Last225,First225,Last225,+1-555-0225,225 Main Street,Montreal,,Canada,27071,Premium
226,First226 Last226,First226,Last226,+1-555-0226,226 Main Street,Osaka,,Japan,35025,Premium
227,First227 Last227,First227,Last227,+1-555-0227,227 Main Street,Tokyo,,Japan,44201,Premium
228,First228 Last228,First228,Last228,+1-555-0228,228 Main Street,Vancouver,,Canada,18992,Premium
229,First229 Last229,First229,Last229,+1-555-0229,229 Main Street,Tokyo,,Japan,33163,Regular
230,First230 Last230,First230,Last230,+1-555-0230,230 Main Street,Kyoto,,Japan,64538,Regular
231,First231 Last231,First231,Last231,+1-555-0231,231 Main Street,Sydney,,Australia,48915,Regular
232,First232 Last232,First232,Last232,+1-555-0232,232 Main Street,Marseille,,France,98920,Premium
233,First233 Last233,First233,Last233,+1-555-0233,233 Main Street,Lyon,,France,19090,Enterprise
234,First234 Last234,First234,Last234,+1-555-0234,234 Main Street,Brisbane,,Australia,44625,Premium
235,First235 Last235,First235,Last235,+1-555-0235,235 Main Street,Osaka,,Japan,88680,Enterprise
236,First236 Last236,First236,Last236,+1-555-0236,236 Main Street,Hamburg,,Germany,86991,Premium
237,First237 Last237,First237,Last237,+1-555-0237,237 Main Street,London,,UK,89405,Enterprise
238,First238 Last238,First238,Last238,+1-555-0238,238 Main Street,Hamburg,,Germany,51250,Enterprise
239,First239 Last239,First239,Last239,+1-555-0239,239 Main Street,London,,UK,86392,Regular
240,First240 Last240,First240,Last240,+1-555-0240,240 Main Street,London,,UK,33875,Enterprise
241,First241 Last241,First241,Last241,+1-555-0241,241 Main Street,Tokyo,,Japan,44488,Premium
242,First242 Last242,First242,Last242,+1-555-0242,242 Main Street,Houston,,USA,87787,Enterprise
243,First243 Last243,First243,Last243,+1-555-0243,243 Main Street,Melbourne,,Australia,76151,Regular
244,First244 Last244,First244,Last244,+1-555-0244,244 Main Street,Berlin,,Germany,56112,Premium
245,First245 Last245,First245,Last245,+1-555-0245,245 Main Street,Tokyo,,Japan,57274,Enterprise
246,First246 Last246,First246,Last246,+1-555-0246,246 Main Street,Brisbane,,Australia,18655,Premium
247,First247 Last247,First247,Last247,+1-555-0247,247 Main Street,Vancouver,,Canada,55730,Enterprise
248,First248 Last248,First248,Last248,+1-555-0248,248 Main Street,Brisbane,,Australia,85811,Premium
249,First249 Last249,First249,Last249,+1-555-0249,249 Main Street,Marseille,,France,36352,Regular
250,First250 Last250,First250,Last250,+1-555-0250,250 Main Street,Toronto,,Canada,22856,Premium
251,First251 Last251,First251,Last251,+1-555-0251,251 Main Street,Melbourne,,Australia,46181,Enterprise
252,First252 Last252,First252,Last252,+1-555-0252,252 Main Street,Berlin,,Germany,41314,Premium
253,First253 Last253,First253,Last253,+1-555-0253,253 Main Street,Lyon,,France,46502,Enterprise
254,First254 Last254,First254,Last254,+1-555-0254,254 Main Street,Toronto,,Canada,10960,Enterprise
255,First255 Last255,First255,Last255,+1-555-0255,255 Main Street,Kyoto,,Japan,63042,Enterprise
256,First256 Last256,First256,Last256,+1-555-0256,256 Main Street,Osaka,,Japan,67577,Regular
257,First257 Last257,First257,Last257,+1-555-0257,257 Main Street,Sydney,,Australia,60388,Enterprise
258,First258 Last258,First258,Last258,+1-555-0258,258 Main Street,Melbourne,,Australia,53180,Regular
259,First259 Last259,First259,Last259,+1-555-0259,259 Main Street,New York,,USA,71827,Regular
260,First260 Last260,First260,Last260,+1-555-0260,260 Main Street,Marseille,,France,41889,Enterprise
261,First261 Last261,First261,Last261,+1-555-0261,261 Main Street,Lyon,,France,49416,Enterprise
262,First262 Last262,First262,Last262,+1-555-0262,262 Main Street,Sydney,,Australia,83227,Premium
263,First263 Last263,First263,Last263,+1-555-0263,263 Main Street,Houston,,USA,30448,Enterprise
264,First264 Last264,First264,Last264,+1-555-0264,264 Main Street,Chicago,,USA,14756,Regular
265,First265 Last265,First265,Last265,+1-555-0265,265 Main Street,Marseille,,France,93208,Regular
266,First266 Last266,First266,Last266,+1-555-0266,266 Main Street,Montreal,,Canada,49554,Premium
267,First267 Last267,First267,Last267,+1-555-0267,267 Main Street,Montreal,,Canada,66749,Enterprise
268,First268 Last268,First268,Last268,+1-555-0268,268 Main Street,Houston,,USA,87498,Premium
269,First269 Last269,First269,Last269,+1-555-0269,269 Main Street,Paris,,France,38397,Regular
270,First270 Last270,First270,Last270,+1-555-0270,270 Main Street,Vancouver,,Canada,10833,Regular
271,First271 Last271,First271,Last271,+1-555-0271,271 Main Street,Paris,,France,21542,Enterprise
272,First272 Last272,First272,Last272,+1-555-0272,272 Main Street,Sydney,,Australia,99892,Enterprise
273,First273 Last273,First273,Last273,+1-555-0273,273 Main Street,Munich,,Germany,55626,Enterprise
274,First274 Last274,First274,Last274,+1-555-0274,274 Main Street,New York,,USA,52504,Enterprise
275,First275 Last275,First275,Last275,+1-555-0275,275 Main Street,Brisbane,,Australia,15879,Regular
276,First276 Last276,First276,Last276,+1-555-0276,276 Main Street,Montreal,,Canada,64415,Premium
277,First277 Last277,First277,Last277,+1-555-0277,277 Main Street,Melbourne,,Australia,38157,Premium
278,First278 Last278,First278,Last278,+1-555-0278,278 Main Street,Tokyo,,Japan,19404,Regular
279,First279 Last279,First279,Last279,+1-555-0279,279 Main Street,Houston,,USA,75492,Regular
280,First280 Last280,First280,Last280,+1-555-0280,280 Main Street,Sydney,,Australia,45836,Regular
281,First281 Last281,First281,Last281,+1-555-0281,281 Main Street,Vancouver,,Canada,11485,Regular
282,First282 Last282,First282,Last282,+1-555-0282,282 Main Street,New York,,USA,40108,Enterprise
283,First283 Last283,First283,Last283,+1-555-0283,283 Main Street,Houston,,USA,45304,Premium
284,First284 Last284,First284,Last284,+1-555-0284,284 Main Street,Tokyo,,Japan,77494,Enterprise
285,First285 Last285,First285,Last285,+1-555-0285,285 Main Street,Brisbane,,Australia,19585,Premium
286,First286 Last286,First286,Last286,+1-555-0286,286 Main Street,London,,UK,36857,Premium
287,First287 Last287,First287,Last287,+1-555-0287,287 Main Street,Tokyo,,Japan,31372,Enterprise
288,First288 Last288,First288,Last288,+1-555-0288,288 Main Street,Vancouver,,Canada,48980,Regular
289,First289 Last289,First289,Last289,+1-555-0289,289 Main Street,Los Angeles,,USA,21829,Regular
290,First290 Last290,First290,Last290,+1-555-0290,290 Main Street,London,,UK,26979,Premium
291,First291 Last291,First291,Last291,+1-555-0291,291 Main Street,Tokyo,,Japan,67031,Enterprise
292,First292 Last292,First292,Last292,+1-555-0292,292 Main Street,Lyon,,France,48180,Regular
293,First293 Last293,First293,Last293,+1-555-0293,293 Main Street,Osaka,,Japan,96058,Premium
294,First294 Last294,First294,Last294,+1-555-0294,294 Main Street,Tokyo,,Japan,50836,Premium
295,First295 Last295,First295,Last295,+1-555-0295,295 Main Street,Chicago,,USA,25352,Enterprise
296,First296 Last296,First296,Last296,+1-555-0296,296 Main Street,Kyoto,,Japan,43268,Enterprise
297,First297 Last297,First297,Last297,+1-555-0297,297 Main Street,Melbourne,,Australia,84245,Regular
298,First298 Last298,First298,Last298,+1-555-0298,298 Main Street,Vancouver,,Canada,60050,Regular
299,First299 Last299,First299,Last299,+1-555-0299,299 Main Street,Montreal,,Canada,99832,Premium
300,First300 Last300,First300,Last300,+1-555-0300,300 Main Street,Toronto,,Canada,48661,Premium
301,First301 Last301,First301,Last301,+1-555-0301,301 Main Street,Kyoto,,Japan,21201,Premium
302,First302 Last302,First302,Last302,+1-555-0302,302 Main Street,Toronto,,Canada,24132,Enterprise
303,First303 Last303,First303,Last303,+1-555-0303,303 Main Street,Brisbane,,Australia,36747,Premium
304,First304 Last304,First304,Last304,+1-555-0304,304 Main Street,Osaka,,Japan,39551,Regular
305,First305 Last305,First305,Last305,+1-555-0305,305 Main Street,Marseille,,France,32455,Regular
306,First306 Last306,First306,Last306,+1-555-0306,306 Main Street,Munich,,Germany,84238,Premium
307,First307 Last307,First307,Last307,+1-555-0307,307 Main Street,Lyon,,France,76072,Premium
308,First308 Last308,First308,Last308,+1-555-0308,308 Main Street,Marseille,,France,91179,Premium
309,First309 Last309,First309,Last309,+1-555-0309,309 Main Street,Los Angeles,,USA,34728,Enterprise
310,First310 Last310,First310,Last310,+1-555-0310,310 Main Street,London,,UK,22031,Regular
311,First311 Last311,First311,Last311,+1-555-0311,311 Main Street,Brisbane,,Australia,14108,Premium
312,First312 Last312,First312,Last312,+1-555-0312,312 Main Street,Toronto,,Canada,72179,Regular
313,First313 Last313,First313,Last313,+1-555-0313,313 Main Street,London,,UK,93772,Enterprise
314,First314 Last314,First314,Last314,+1-555-0314,314 Main Street,Manchester,,UK,21120,Premium
315,First315 Last315,First315,Last315,+1-555-0315,315 Main Street,Kyoto,,Japan,12478,Premium
316,First316 Last316,First316,Last316,+1-555-0316,316 Main Street,Munich,,Germany,82465,Premium
317,First317 Last317,First317,Last317,+1-555-0317,317 Main Street,Vancouver,,Canada,29689,Enterprise
318,First318 Last318,First318,Last318,+1-555-0318,318 Main Street,Kyoto,,Japan,29317,Enterprise
319,First319 Last319,First319,Last319,+1-555-0319,319 Main Street,Montreal,,Canada,34677,Premium
320,First320 Last320,First320,Last320,+1-555-0320,320 Main Street,New York,,USA,40423,Enterprise
321,First321 Last321,First321,Last321,+1-555-0321,321 Main Street,Lyon,,France,98442,Regular
322,First322 Last322,First322,Last322,+1-555-0322,322 Main Street,Munich,,Germany,25067,Premium
323,First323 Last323,First323,Last323,+1-555-0323,323 Main Street,Chicago,,USA,98294,Enterprise
324,First324 Last324,First324,Last324,+1-555-0324,324 Main Street,Kyoto,,Japan,28179,Premium
325,First325 Last325,First325,Last325,+1-555-0325,325 Main Street,London,,UK,80192,Premium
326,First326 Last326,First326,Last326,+1-555-0326,326 Main Street,Montreal,,Canada,32746,Regular
327,First327 Last327,First327,Last327,+1-555-0327,327 Main Street,Marseille,,France,77460,Enterprise
328,First328 Last328,First328,Last328,+1-555-0328,328 Main Street,Birmingham,,UK,71032,Enterprise
329,First329 Last329,First329,Last329,+1-555-0329,329 Main Street,Vancouver,,Canada,95386,Enterprise
330,First330 Last330,First330,Last330,+1-555-0330,330 Main Street,Berlin,,Germany,68759,Enterprise
331,First331 Last331,First331,Last331,+1-555-0331,331 Main Street,Sydney,,Australia,76141,Regular
332,First332 Last332,First332,Last332,+1-555-0332,332 Main Street,Toronto,,Canada,32012,Regular
333,First333 Last333,First333,Last333,+1-555-0333,333 Main Street,Montreal,,Canada,86642,Enterprise
334,First334 Last334,First334,Last334,+1-555-0334,334 Main Street,Sydney,,Australia,91227,Enterprise
335,First335 Last335,First335,Last335,+1-555-0335,335 Main Street,Melbourne,,Australia,96666,Regular
336,First336 Last336,First336,Last336,+1-555-0336,336 Main Street,Melbourne,,Australia,29910,Enterprise
337,First337 Last337,First337,Last337,+1-555-0337,337 Main Street,Vancouver,,Canada,66784,Premium
338,First338 Last338,First338,Last338,+1-555-0338,338 Main Street,Marseille,,France,66595,Premium
339,First339 Last339,First339,Last339,+1-555-0339,339 Main Street,Montreal,,Canada,90224,Enterprise
340,First340 Last340,First340,Last340,+1-555-0340,340 Main Street,Birmingham,,UK,45207,Regular
341,First341 Last341,First341,Last341,+1-555-0341,341 Main Street,Chicago,,USA,35651,Premium
342,First342 Last342,First342,Last342,+1-555-0342,342 Main Street,London,,UK,63761,Regular
343,First343 Last343,First343,Last343,+1-555-0343,343 Main Street,Chicago,,USA,80722,Regular
344,First344 Last344,First344,Last344,+1-555-0344,344 Main Street,Los Angeles,,USA,80029,Regular
345,First345 Last345,First345,Last345,+1-555-0345,345 Main Street,New York,,USA,61888,Premium
346,First346 Last346,First346,Last346,+1-555-0346,346 Main Street,Birmingham,,UK,32610,Enterprise
347,First347 Last347,First347,Last347,+1-555-0347,347 Main Street,Marseille,,France,72883,Enterprise
348,First348 Last348,First348,Last348,+1-555-0348,348 Main Street,Marseille,,France,70566,Premium
349,First349 Last349,First349,Last349,+1-555-0349,349 Main Street,London,,UK,23063,Enterprise
350,First350 Last350,First350,Last350,+1-555-0350,350 Main Street,Marseille,,France,90436,Regular
351,First351 Last351,First351,Last351,+1-555-0351,351 Main Street,Lyon,,France,84803,Regular
352,First352 Last352,First352,Last352,+1-555-0352,352 Main Street,Tokyo,,Japan,65703,Premium
353,First353 Last353,First353,Last353,+1-555-0353,353 Main Street,Brisbane,,Australia,66904,Regular
354,First354 Last354,First354,Last354,+1-555-0354,354 Main Street,Lyon,,France,86598,Premium
355,First355 Last355,First355,Last355,+1-555-0355,355 Main Street,Vancouver,,Canada,36930,Enterprise
356,First356 Last356,First356,Last356,+1-555-0356,356 Main Street,Montreal,,Canada,99293,Premium
357,First357 Last357,First357,Last357,+1-555-0357,357 Main Street,Lyon,,France,58042,Regular
358,First358 Last358,First358,Last358,+1-555-0358,358 Main Street,Hamburg,,Germany,41236,Regular
359,First359 Last359,First359,Last359,+1-555-0359,359 Main Street,Tokyo,,Japan,66189,Regular
360,First360 Last360,First360,Last360,+1-555-0360,360 Main Street,Los Angeles,,USA,37469,Enterprise
361,First361 Last361,First361,Last361,+1-555-0361,361 Main Street,Birmingham,,UK,95617,Regular
362,First362 Last362,First362,Last362,+1-555-0362,362 Main Street,Hamburg,,Germany,12143,Enterprise
363,First363 Last363,First363,Last363,+1-555-0363,363 Main Street,Los Angeles,,USA,91735,Enterprise
364,First364 Last364,First364,Last364,+1-555-0364,364 Main Street,Paris,,France,42296,Premium
365,First365 Last365,First365,Last365,+1-555-0365,365 Main Street,Osaka,,Japan,17423,Regular
366,First366 Last366,First366,Last366,+1-555-0366,366 Main Street,London,,UK,21345,Regular
367,First367 Last367,First367,Last367,+1-555-0367,367 Main Street,Berlin,,Germany,47106,Regular
368,First368 Last368,First368,Last368,+1-555-0368,368 Main Street,Birmingham,,UK,22850,Enterprise
369,First369 Last369,First369,Last369,+1-555-0369,369 Main Street,Munich,,Germany,75483,Premium
370,First370 Last370,First370,Last370,+1-555-0370,370 Main Street,Chicago,,USA,36346,Premium
371,First371 Last371,First371,Last371,+1-555-0371,371 Main Street,Hamburg,,Germany,56800,Enterprise
372,First372 Last372,First372,Last372,+1-555-0372,372 Main Street,Osaka,,Japan,57756,Regular
373,First373 Last373,First373,Last373,+1-555-0373,373 Main Street,London,,UK,79261,Enterprise
374,First374 Last374,First374,Last374,+1-555-0374,374 Main Street,Hamburg,,Germany,14427,Enterprise
375,First375 Last375,First375,Last375,+1-555-0375,375 Main Street,Munich,,Germany,77361,Enterprise
376,First376 Last376,First376,Last376,+1-555-0376,376 Main Street,London,,UK,69883,Regular
377,First377 Last377,First377,Last377,+1-555-0377,377 Main Street,Chicago,,USA,99040,Regular
378,First378 Last378,First378,Last378,+1-555-0378,378 Main Street,Lyon,,France,73766,Premium
379,First379 Last379,First379,Last379,+1-555-0379,379 Main Street,Vancouver,,Canada,95724,Regular
380,First380 Last380,First380,Last380,+1-555-0380,380 Main Street,Birmingham,,UK,58392,Regular
381,First381 Last381,First381,Last381,+1-555-0381,381 Main Street,Houston,,USA,67102,Enterprise
382,First382 Last382,First382,Last382,+1-555-0382,382 Main Street,Osaka,,Japan,14863,Regular
383,First383 Last383,First383,Last383,+1-555-0383,383 Main Street,Marseille,,France,12186,Enterprise
384,First384 Last384,First384,Last384,+1-555-0384,384 Main Street,Sydney,,Australia,38446,Enterprise
385,First385 Last385,First385,Last385,+1-555-0385,385 Main Street,Toronto,,Canada,63999,Enterprise
386,First386 Last386,First386,Last386,+1-555-0386,386 Main Street,Kyoto,,Japan,18883,Regular
387,First387 Last387,First387,Last387,+1-555-0387,387 Main Street,Sydney,,Australia,30843,Enterprise
388,First388 Last388,First388,Last388,+1-555-0388,388 Main Street,Lyon,,France,58203,Enterprise
389,First389 Last389,First389,Last389,+1-555-0389,389 Main Street,Manchester,,UK,29596,Regular
390,First390 Last390,First390,Last390,+1-555-0390,390 Main Street,Manchester,,UK,74609,Premium
391,First391 Last391,First391,Last391,+1-555-0391,391 Main Street,Hamburg,,Germany,60135,Enterprise
392,First392 Last392,First392,Last392,+1-555-0392,392 Main Street,Birmingham,,UK,89627,Premium
393,First393 Last393,First393,Last393,+1-555-0393,393 Main Street,Berlin,,Germany,96007,Enterprise
394,First394 Last394,First394,Last394,+1-555-0394,394 Main Street,Osaka,,Japan,95626,Premium
395,First395 Last395,First395,Last395,+1-555-0395,395 Main Street,New York,,USA,46045,Enterprise
396,First396 Last396,First396,Last396,+1-555-0396,396 Main Street,Hamburg,,Germany,22231,Enterprise
397,First397 Last397,First397,Last397,+1-555-0397,397 Main Street,Osaka,,Japan,30822,Regular
398,First398 Last398,First398,Last398,+1-555-0398,398 Main Street,Los Angeles,,USA,40582,Enterprise
399,First399 Last399,First399,Last399,+1-555-0399,399 Main Street,Brisbane,,Australia,50990,Enterprise
400,First400 Last400,First400,Last400,+1-555-0400,400 Main Street,Montreal,,Canada,30870,Regular
401,First401 Last401,First401,Last401,+1-555-0401,401 Main Street,Munich,,Germany,11894,Premium
402,First402 Last402,First402,Last402,+1-555-0402,402 Main Street,Toronto,,Canada,28171,Regular
403,First403 Last403,First403,Last403,+1-555-0403,403 Main Street,Houston,,USA,36250,Enterprise
404,First404 Last404,First404,Last404,+1-555-0404,404 Main Street,Munich,,Germany,64270,Premium
405,First405 Last405,First405,Last405,+1-555-0405,405 Main Street,Melbourne,,Australia,81547,Enterprise
406,First406 Last406,First406,Last406,+1-555-0406,406 Main Street,Lyon,,France,10841,Regular
407,First407 Last407,First407,Last407,+1-555-0407,407 Main Street,Osaka,,Japan,81509,Regular
408,First408 Last408,First408,Last408,+1-555-0408,408 Main Street,Manchester,,UK,62792,Regular
409,First409 Last409,First409,Last409,+1-555-0409,409 Main Street,Montreal,,Canada,50531,Regular
410,First410 Last410,First410,Last410,+1-555-0410,410 Main Street,Berlin,,Germany,10682,Premium
411,First411 Last411,First411,Last411,+1-555-0411,411 Main Street,Chicago,,USA,37483,Enterprise
412,First412 Last412,First412,Last412,+1-555-0412,412 Main Street,Montreal,,Canada,22671,Regular
413,First413 Last413,First413,Last413,+1-555-0413,413 Main Street,Melbourne,,Australia,85402,Enterprise
414,First414 Last414,First414,Last414,+1-555-0414,414 Main Street,London,,UK,76324,Regular
415,First415 Last415,First415,Last415,+1-555-0415,415 Main Street,Paris,,France,55034,Premium
416,First416 Last416,First416,Last416,+1-555-0416,416 Main Street,Vancouver,,Canada,69488,Enterprise
417,First417 Last417,First417,Last417,+1-555-0417,417 Main Street,Montreal,,Canada,67809,Premium
418,First418 Last418,First418,Last418,+1-555-0418,418 Main Street,Hamburg,,Germany,38736,Premium
419,First419 Last419,First419,Last419,+1-555-0419,419 Main Street,Sydney,,Australia,39069,Regular
420,First420 Last420,First420,Last420,+1-555-0420,420 Main Street,Vancouver,,Canada,43423,Enterprise
421,First421 Last421,First421,Last421,+1-555-0421,421 Main Street,Chicago,,USA,17575,Premium
422,First422 Last422,First422,Last422,+1-555-0422,422 Main Street,New York,,USA,92482,Regular
423,First423 Last423,First423,Last423,+1-555-0423,423 Main Street,Paris,,France,30895,Enterprise
424,First424 Last424,First424,Last424,+1-555-0424,424 Main Street,London,,UK,44586,Premium
425,First425 Last425,First425,Last425,+1-555-0425,425 Main Street,Berlin,,Germany,46454,Regular
426,First426 Last426,First426,Last426,+1-555-0426,426 Main Street,Kyoto,,Japan,57782,Regular
427,First427 Last427,First427,Last427,+1-555-0427,427 Main Street,Osaka,,Japan,74771,Premium
428,First428 Last428,First428,Last428,+1-555-0428,428 Main Street,Los Angeles,,USA,15995,Regular
429,First429 Last429,First429,Last429,+1-555-0429,429 Main Street,Houston,,USA,33169,Regular
430,First430 Last430,First430,Last430,+1-555-0430,430 Main Street,Vancouver,,Canada,13727,Regular
431,First431 Last431,First431,Last431,+1-555-0431,431 Main Street,Houston,,USA,86953,Regular
432,First432 Last432,First432,Last432,+1-555-0432,432 Main Street,Los Angeles,,USA,15722,Premium
433,First433 Last433,First433,Last433,+1-555-0433,433 Main Street,Paris,,France,81091,Premium
434,First434 Last434,First434,Last434,+1-555-0434,434 Main Street,Kyoto,,Japan,84724,Enterprise
435,First435 Last435,First435,Last435,+1-555-0435,435 Main Street,Osaka,,Japan,10917,Premium
436,First436 Last436,First436,Last436,+1-555-0436,436 Main Street,Sydney,,Australia,31795,Premium
437,First437 Last437,First437,Last437,+1-555-0437,437 Main Street,Paris,,France,61529,Enterprise
438,First438 Last438,First438,Last438,+1-555-0438,438 Main Street,Manchester,,UK,63712,Premium
439,First439 Last439,First439,Last439,+1-555-0439,439 Main Street,Lyon,,France,56878,Enterprise
440,First440 Last440,First440,Last440,+1-555-0440,440 Main Street,Marseille,,France,62741,Regular
441,First441 Last441,First441,Last441,+1-555-0441,441 Main Street,Tokyo,,Japan,69590,Enterprise
442,First442 Last442,First442,Last442,+1-555-0442,442 Main Street,Toronto,,Canada,30130,Premium
443,First443 Last443,First443,Last443,+1-555-0443,443 Main Street,Manchester,,UK,43903,Enterprise
444,First444 Last444,First444,Last444,+1-555-0444,444 Main Street,Tokyo,,Japan,40335,Regular
445,First445 Last445,First445,Last445,+1-555-0445,445 Main Street,Paris,,France,94033,Regular
446,First446 Last446,First446,Last446,+1-555-0446,446 Main Street,Marseille,,France,79451,Regular
447,First447 Last447,First447,Last447,+1-555-0447,447 Main Street,Vancouver,,Canada,34836,Enterprise
448,First448 Last448,First448,Last448,+1-555-0448,448 Main Street,Marseille,,France,11550,Enterprise
449,First449 Last449,First449,Last449,+1-555-0449,449 Main Street,Vancouver,,Canada,61240,Enterprise
450,First450 Last450,First450,Last450,+1-555-0450,450 Main Street,Montreal,,Canada,70273,Regular
451,First451 Last451,First451,Last451,+1-555-0451,451 Main Street,Lyon,,France,94272,Regular
452,First452 Last452,First452,Last452,+1-555-0452,452 Main Street,Paris,,France,73528,Regular
453,First453 Last453,First453,Last453,+1-555-0453,453 Main Street,Toronto,,Canada,27174,Regular
454,First454 Last454,First454,Last454,+1-555-0454,454 Main Street,Vancouver,,Canada,61712,Premium
455,First455 Last455,First455,Last455,+1-555-0455,455 Main Street,Brisbane,,Australia,98382,Premium
456,First456 Last456,First456,Last456,+1-555-0456,456 Main Street,London,,UK,72994,Regular
457,First457 Last457,First457,Last457,+1-555-0457,457 Main Street,Montreal,,Canada,87170,Regular
458,First458 Last458,First458,Last458,+1-555-0458,458 Main Street,Los Angeles,,USA,74643,Enterprise
459,First459 Last459,First459,Last459,+1-555-0459,459 Main Street,Los Angeles,,USA,66156,Regular
460,First460 Last460,First460,Last460,+1-555-0460,460 Main Street,Chicago,,USA,43548,Enterprise
461,First461 Last461,First461,Last461,+1-555-0461,461 Main Street,Los Angeles,,USA,27262,Regular
462,First462 Last462,First462,Last462,+1-555-0462,462 Main Street,Melbourne,,Australia,95194,Enterprise
463,First463 Last463,First463,Last463,+1-555-0463,463 Main Street,Houston,,USA,30910,Premium
464,First464 Last464,First464,Last464,+1-555-0464,464 Main Street,Munich,,Germany,12833,Regular
465,First465 Last465,First465,Last465,+1-555-0465,465 Main Street,Sydney,,Australia,96799,Regular
466,First466 Last466,First466,Last466,+1-555-0466,466 Main Street,Birmingham,,UK,86017,Enterprise
467,First467 Last467,First467,Last467,+1-555-0467,467 Main Street,Birmingham,,UK,85212,Enterprise
468,First468 Last468,First468,Last468,+1-555-0468,468 Main Street,Marseille,,France,28228,Premium
469,First469 Last469,First469,Last469,+1-555-0469,469 Main Street,Kyoto,,Japan,85579,Regular
470,First470 Last470,First470,Last470,+1-555-0470,470 Main Street,Osaka,,Japan,42450,Premium
471,First471 Last471,First471,Last471,+1-555-0471,471 Main Street,Sydney,,Australia,22988,Regular
472,First472 Last472,First472,Last472,+1-555-0472,472 Main Street,Melbourne,,Australia,30036,Regular
473,First473 Last473,First473,Last473,+1-555-0473,473 Main Street,Marseille,,France,48291,Premium
474,First474 Last474,First474,Last474,+1-555-0474,474 Main Street,Tokyo,,Japan,91015,Enterprise
475,First475 Last475,First475,Last475,+1-555-0475,475 Main Street,Marseille,,France,46763,Enterprise
476,First476 Last476,First476,Last476,+1-555-0476,476 Main Street,Melbourne,,Australia,81193,Enterprise
477,First477 Last477,First477,Last477,+1-555-0477,477 Main Street,Berlin,,Germany,17068,Premium
478,First478 Last478,First478,Last478,+1-555-0478,478 Main Street,Manchester,,UK,13074,Premium
479,First479 Last479,First479,Last479,+1-555-0479,479 Main Street,Tokyo,,Japan,11114,Premium
480,First480 Last480,First480,Last480,+1-555-0480,480 Main Street,London,,UK,38335,Premium
481,First481 Last481,First481,Last481,+1-555-0481,481 Main Street,Tokyo,,Japan,72473,Enterprise
482,First482 Last482,First482,Last482,+1-555-0482,482 Main Street,Marseille,,France,71614,Premium
483,First483 Last483,First483,Last483,+1-555-0483,483 Main Street,Toronto,,Canada,17095,Regular
484,First484 Last484,First484,Last484,+1-555-0484,484 Main Street,Brisbane,,Australia,15364,Premium
485,First485 Last485,First485,Last485,+1-555-0485,485 Main Street,Manchester,,UK,11700,Premium
486,First486 Last486,First486,Last486,+1-555-0486,486 Main Street,Paris,,France,53684,Premium
487,First487 Last487,First487,Last487,+1-555-0487,487 Main Street,Lyon,,France,35369,Regular
488,First488 Last488,First488,Last488,+1-555-0488,488 Main Street,Toronto,,Canada,15574,Enterprise
489,First489 Last489,First489,Last489,+1-555-0489,489 Main Street,Kyoto,,Japan,30896,Premium
490,First490 Last490,First490,Last490,+1-555-0490,490 Main Street,Manchester,,UK,31767,Premium
491,First491 Last491,First491,Last491,+1-555-0491,491 Main Street,Berlin,,Germany,88248,Enterprise
492,First492 Last492,First492,Last492,+1-555-0492,492 Main Street,Munich,,Germany,43006,Regular
493,First493 Last493,First493,Last493,+1-555-0493,493 Main Street,Berlin,,Germany,61801,Enterprise
494,First494 Last494,First494,Last494,+1-555-0494,494 Main Street,Tokyo,,Japan,57599,Premium
495,First495 Last495,First495,Last495,+1-555-0495,495 Main Street,Los Angeles,,USA,40706,Regular
496,First496 Last496,First496,Last496,+1-555-0496,496 Main Street,Sydney,,Australia,71706,Regular
497,First497 Last497,First497,Last497,+1-555-0497,497 Main Street,Munich,,Germany,47625,Premium
498,First498 Last498,First498,Last498,+1-555-0498,498 Main Street,Sydney,,Australia,15480,Regular
499,First499 Last499,First499,Last499,+1-555-0499,499 Main Street,Vancouver,,Canada,90173,Enterprise
500,First500 Last500,First500,Last500,+1-555-0500,500 Main Street,New York,,USA,70666,Enterprise
501,First501 Last501,First501,Last501,+1-555-0501,501 Main Street,Tokyo,,Japan,68082,Regular
502,First502 Last502,First502,Last502,+1-555-0502,502 Main Street,Osaka,,Japan,34025,Regular
503,First503 Last503,First503,Last503,+1-555-0503,503 Main Street,Lyon,,France,57389,Enterprise
504,First504 Last504,First504,Last504,+1-555-0504,504 Main Street,Vancouver,,Canada,54102,Premium
505,First505 Last505,First505,Last505,+1-555-0505,505 Main Street,Sydney,,Australia,35579,Enterprise
506,First506 Last506,First506,Last506,+1-555-0506,506 Main Street,Vancouver,,Canada,53801,Premium
507,First507 Last507,First507,Last507,+1-555-0507,507 Main Street,Birmingham,,UK,91659,Premium
508,First508 Last508,First508,Last508,+1-555-0508,508 Main Street,London,,UK,21623,Premium
509,First509 Last509,First509,Last509,+1-555-0509,509 Main Street,Toronto,,Canada,87850,Premium
510,First510 Last510,First510,Last510,+1-555-0510,510 Main Street,London,,UK,33271,Enterprise
511,First511 Last511,First511,Last511,+1-555-0511,511 Main Street,Brisbane,,Australia,50234,Enterprise
512,First512 Last512,First512,Last512,+1-555-0512,512 Main Street,Melbourne,,Australia,45158,Enterprise
513,First513 Last513,First513,Last513,+1-555-0513,513 Main Street,Berlin,,Germany,45624,Premium
514,First514 Last514,First514,Last514,+1-555-0514,514 Main Street,Houston,,USA,98570,Regular
515,First515 Last515,First515,Last515,+1-555-0515,515 Main Street,Vancouver,,Canada,10250,Regular
516,First516 Last516,First516,Last516,+1-555-0516,516 Main Street,Montreal,,Canada,28720,Enterprise
517,First517 Last517,First517,Last517,+1-555-0517,517 Main Street,Munich,,Germany,41769,Premium
518,First518 Last518,First518,Last518,+1-555-0518,518 Main Street,Melbourne,,Australia,55384,Premium
519,First519 Last519,First519,Last519,+1-555-0519,519 Main Street,Manchester,,UK,88856,Regular
520,First520 Last520,First520,Last520,+1-555-0520,520 Main Street,Manchester,,UK,29118,Regular
521,First521 Last521,First521,Last521,+1-555-0521,521 Main Street,Osaka,,Japan,98861,Premium
522,First522 Last522,First522,Last522,+1-555-0522,522 Main Street,Brisbane,,Australia,32156,Enterprise
523,First523 Last523,First523,Last523,+1-555-0523,523 Main Street,Marseille,,France,24618,Enterprise
524,First524 Last524,First524,Last524,+1-555-0524,524 Main Street,Los Angeles,,USA,95537,Premium
525,First525 Last525,First525,Last525,+1-555-0525,525 Main Street,Toronto,,Canada,47050,Regular
526,First526 Last526,First526,Last526,+1-555-0526,526 Main Street,Lyon,,France,34027,Premium
527,First527 Last527,First527,Last527,+1-555-0527,527 Main Street,Houston,,USA,44537,Regular
528,First528 Last528,First528,Last528,+1-555-0528,528 Main Street,Marseille,,France,56703,Regular
529,First529 Last529,First529,Last529,+1-555-0529,529 Main Street,Kyoto,,Japan,96870,Regular
530,First530 Last530,First530,Last530,+1-555-0530,530 Main Street,Berlin,,Germany,92671,Premium
531,First531 Last531,First531,Last531,+1-555-0531,531 Main Street,Paris,,France,97803,Premium
532,First532 Last532,First532,Last532,+1-555-0532,532 Main Street,Manchester,,UK,15423,Premium
533,First533 Last533,First533,Last533,+1-555-0533,533 Main Street,Tokyo,,Japan,10814,Regular
534,First534 Last534,First534,Last534,+1-555-0534,534 Main Street,Vancouver,,Canada,77784,Premium
535,First535 Last535,First535,Last535,+1-555-0535,535 Main Street,Toronto,,Canada,76295,Enterprise
536,First536 Last536,First536,Last536,+1-555-0536,536 Main Street,Brisbane,,Australia,12498,Enterprise
537,First537 Last537,First537,Last537,+1-555-0537,537 Main Street,Paris,,France,49713,Enterprise
538,First538 Last538,First538,Last538,+1-555-0538,538 Main Street,Houston,,USA,70988,Premium
539,First539 Last539,First539,Last539,+1-555-0539,539 Main Street,New York,,USA,87935,Enterprise
540,First540 Last540,First540,Last540,+1-555-0540,540 Main Street,Manchester,,UK,75806,Premium
541,First541 Last541,First541,Last541,+1-555-0541,541 Main Street,Lyon,,France,36762,Premium
542,First542 Last542,First542,Last542,+1-555-0542,542 Main Street,Brisbane,,Australia,78997,Regular
543,First543 Last543,First543,Last543,+1-555-0543,543 Main Street,Lyon,,France,86629,Regular
544,First544 Last544,First544,Last544,+1-555-0544,544 Main Street,Houston,,USA,54080,Premium
545,First545 Last545,First545,Last545,+1-555-0545,545 Main Street,Tokyo,,Japan,17801,Premium
546,First546 Last546,First546,Last546,+1-555-0546,546 Main Street,Lyon,,France,65020,Regular
547,First547 Last547,First547,Last547,+1-555-0547,547 Main Street,Berlin,,Germany,42276,Premium
548,First548 Last548,First548,Last548,+1-555-0548,548 Main Street,Hamburg,,Germany,83584,Premium
549,First549 Last549,First549,Last549,+1-555-0549,549 Main Street,Melbourne,,Australia,10183,Regular
550,First550 Last550,First550,Last550,+1-555-0550,550 Main Street,Osaka,,Japan,36707,Premium
551,First551 Last551,First551,Last551,+1-555-0551,551 Main Street,Lyon,,France,96876,Regular
552,First552 Last552,First552,Last552,+1-555-0552,552 Main Street,Brisbane,,Australia,77002,Premium
553,First553 Last553,First553,Last553,+1-555-0553,553 Main Street,Vancouver,,Canada,58497,Premium
554,First554 Last554,First554,Last554,+1-555-0554,554 Main Street,Lyon,,France,79866,Premium
555,First555 Last555,First555,Last555,+1-555-0555,555 Main Street,Tokyo,,Japan,77630,Enterprise
556,First556 Last556,First556,Last556,+1-555-0556,556 Main Street,Los Angeles,,USA,63824,Premium
557,First557 Last557,First557,Last557,+1-555-0557,557 Main Street,Hamburg,,Germany,18131,Premium
558,First558 Last558,First558,Last558,+1-555-0558,558 Main Street,Birmingham,,UK,83711,Regular
559,First559 Last559,First559,Last559,+1-555-0559,559 Main Street,Montreal,,Canada,25464,Enterprise
560,First560 Last560,First560,Last560,+1-555-0560,560 Main Street,Houston,,USA,98850,Regular
561,First561 Last561,First561,Last561,+1-555-0561,561 Main Street,Chicago,,USA,80921,Premium
562,First562 Last562,First562,Last562,+1-555-0562,562 Main Street,Chicago,,USA,91095,Enterprise
563,First563 Last563,First563,Last563,+1-555-0563,563 Main Street,Montreal,,Canada,34152,Enterprise
564,First564 Last564,First564,Last564,+1-555-0564,564 Main Street,Brisbane,,Australia,71619,Enterprise
565,First565 Last565,First565,Last565,+1-555-0565,565 Main Street,Melbourne,,Australia,69715,Enterprise
566,First566 Last566,First566,Last566,+1-555-0566,566 Main Street,Montreal,,Canada,92179,Regular
567,First567 Last567,First567,Last567,+1-555-0567,567 Main Street,Vancouver,,Canada,84360,Enterprise
568,First568 Last568,First568,Last568,+1-555-0568,568 Main Street,Brisbane,,Australia,21409,Premium
569,First569 Last569,First569,Last569,+1-555-0569,569 Main Street,Melbourne,,Australia,28694,Regular
570,First570 Last570,First570,Last570,+1-555-0570,570 Main Street,Kyoto,,Japan,46323,Enterprise
571,First571 Last571,First571,Last571,+1-555-0571,571 Main Street,Birmingham,,UK,98179,Enterprise
572,First572 Last572,First572,Last572,+1-555-0572,572 Main Street,New York,,USA,20163,Regular
573,First573 Last573,First573,Last573,+1-555-0573,573 Main Street,Kyoto,,Japan,37322,Premium
574,First574 Last574,First574,Last574,+1-555-0574,574 Main Street,Marseille,,France,73535,Enterprise
575,First575 Last575,First575,Last575,+1-555-0575,575 Main Street,Tokyo,,Japan,46591,Regular
576,First576 Last576,First576,Last576,+1-555-0576,576 Main Street,Vancouver,,Canada,50470,Regular
577,First577 Last577,First577,Last577,+1-555-0577,577 Main Street,Montreal,,Canada,82644,Enterprise
578,First578 Last578,First578,Last578,+1-555-0578,578 Main Street,Osaka,,Japan,81186,Enterprise
579,First579 Last579,First579,Last579,+1-555-0579,579 Main Street,Los Angeles,,USA,46675,Regular
580,First580 Last580,First580,Last580,+1-555-0580,580 Main Street,Hamburg,,Germany,47483,Premium
581,First581 Last581,First581,Last581,+1-555-0581,581 Main Street,Hamburg,,Germany,18098,Regular
582,First582 Last582,First582,Last582,+1-555-0582,582 Main Street,Osaka,,Japan,46119,Regular
583,First583 Last583,First583,Last583,+1-555-0583,583 Main Street,Sydney,,Australia,11038,Regular
584,First584 Last584,First584,Last584,+1-555-0584,584 Main Street,Munich,,Germany,69431,Regular
585,First585 Last585,First585,Last585,+1-555-0585,585 Main Street,Munich,,Germany,52637,Regular
586,First586 Last586,First586,Last586,+1-555-0586,586 Main Street,Chicago,,USA,25879,Premium
587,First587 Last587,First587,Last587,+1-555-0587,587 Main Street,Manchester,,UK,47731,Enterprise
588,First588 Last588,First588,Last588,+1-555-0588,588 Main Street,New York,,USA,11759,Premium
589,First589 Last589,First589,Last589,+1-555-0589,589 Main Street,Tokyo,,Japan,35378,Regular
590,First590 Last590,First590,Last590,+1-555-0590,590 Main Street,Vancouver,,Canada,46815,Regular
591,First591 Last591,First591,Last591,+1-555-0591,591 Main Street,London,,UK,85948,Premium
592,First592 Last592,First592,Last592,+1-555-0592,592 Main Street,Osaka,,Japan,26344,Enterprise
593,First593 Last593,First593,Last593,+1-555-0593,593 Main Street,Tokyo,,Japan,19265,Regular
594,First594 Last594,First594,Last594,+1-555-0594,594 Main Street,Munich,,Germany,56031,Enterprise
595,First595 Last595,First595,Last595,+1-555-0595,595 Main Street,Kyoto,,Japan,27228,Regular
596,First596 Last596,First596,Last596,+1-555-0596,596 Main Street,Birmingham,,UK,18367,Regular
597,First597 Last597,First597,Last597,+1-555-0597,597 Main Street,Vancouver,,Canada,14870,Enterprise
598,First598 Last598,First598,Last598,+1-555-0598,598 Main Street,Munich,,Germany,71789,Premium
599,First599 Last599,First599,Last599,+1-555-0599,599 Main Street,Munich,,Germany,43118,Enterprise
600,First600 Last600,First600,Last600,+1-555-0600,600 Main Street,Tokyo,,Japan,14548,Regular
601,First601 Last601,First601,Last601,+1-555-0601,601 Main Street,Marseille,,France,51561,Premium
602,First602 Last602,First602,Last602,+1-555-0602,602 Main Street,Osaka,,Japan,30348,Enterprise
603,First603 Last603,First603,Last603,+1-555-0603,603 Main Street,Lyon,,France,98017,Premium
604,First604 Last604,First604,Last604,+1-555-0604,604 Main Street,Melbourne,,Australia,76904,Regular
605,First605 Last605,First605,Last605,+1-555-0605,605 Main Street,Brisbane,,Australia,37607,Enterprise
606,First606 Last606,First606,Last606,+1-555-0606,606 Main Street,Tokyo,,Japan,55578,Regular
607,First607 Last607,First607,Last607,+1-555-0607,607 Main Street,Vancouver,,Canada,60161,Premium
608,First608 Last608,First608,Last608,+1-555-0608,608 Main Street,Munich,,Germany,82412,Regular
609,First609 Last609,First609,Last609,+1-555-0609,609 Main Street,Manchester,,UK,24390,Enterprise
610,First610 Last610,First610,Last610,+1-555-0610,610 Main Street,Paris,,France,28449,Premium
611,First611 Last611,First611,Last611,+1-555-0611,611 Main Street,Lyon,,France,73368,Regular
612,First612 Last612,First612,Last612,+1-555-0612,612 Main Street,Hamburg,,Germany,45289,Regular
613,First613 Last613,First613,Last613,+1-555-0613,613 Main Street,Tokyo,,Japan,63793,Enterprise
614,First614 Last614,First614,Last614,+1-555-0614,614 Main Street,Birmingham,,UK,93978,Enterprise
615,First615 Last615,First615,Last615,+1-555-0615,615 Main Street,Melbourne,,Australia,46645,Enterprise
616,First616 Last616,First616,Last616,+1-555-0616,616 Main Street,Marseille,,France,48508,Premium
617,First617 Last617,First617,Last617,+1-555-0617,617 Main Street,Melbourne,,Australia,82432,Premium
618,First618 Last618,First618,Last618,+1-555-0618,618 Main Street,Los Angeles,,USA,52317,Premium
619,First619 Last619,First619,Last619,+1-555-0619,619 Main Street,Marseille,,France,72116,Enterprise
620,First620 Last620,First620,Last620,+1-555-0620,620 Main Street,Birmingham,,UK,26536,Premium
621,First621 Last621,First621,Last621,+1-555-0621,621 Main Street,Manchester,,UK,33629,Premium
622,First622 Last622,First622,Last622,+1-555-0622,622 Main Street,Kyoto,,Japan,54052,Premium
623,First623 Last623,First623,Last623,+1-555-0623,623 Main Street,Paris,,France,21011,Premium
624,First624 Last624,First624,Last624,+1-555-0624,624 Main Street,Houston,,USA,28740,Enterprise
625,First625 Last625,First625,Last625,+1-555-0625,625 Main Street,Toronto,,Canada,70754,Premium
626,First626 Last626,First626,Last626,+1-555-0626,626 Main Street,Birmingham,,UK,37264,Premium
627,First627 Last627,First627,Last627,+1-555-0627,627 Main Street,Birmingham,,UK,37626,Enterprise
628,First628 Last628,First628,Last628,+1-555-0628,628 Main Street,Los Angeles,,USA,17157,Regular
629,First629 Last629,First629,Last629,+1-555-0629,629 Main Street,Kyoto,,Japan,69556,Premium
630,First630 Last630,First630,Last630,+1-555-0630,630 Main Street,Manchester,,UK,90301,Premium
631,First631 Last631,First631,Last631,+1-555-0631,631 Main Street,Tokyo,,Japan,25825,Enterprise
632,First632 Last632,First632,Last632,+1-555-0632,632 Main Street,Chicago,,USA,39822,Premium
633,First633 Last633,First633,Last633,+1-555-0633,633 Main Street,Hamburg,,Germany,92439,Regular
634,First634 Last634,First634,Last634,+1-555-0634,634 Main Street,Brisbane,,Australia,37603,Premium
635,First635 Last635,First635,Last635,+1-555-0635,635 Main Street,Birmingham,,UK,43890,Enterprise
636,First636 Last636,First636,Last636,+1-555-0636,636 Main Street,Birmingham,,UK,73244,Enterprise
637,First637 Last637,First637,Last637,+1-555-0637,637 Main Street,Toronto,,Canada,28175,Regular
638,First638 Last638,First638,Last638,+1-555-0638,638 Main Street,Vancouver,,Canada,57282,Enterprise
639,First639 Last639,First639,Last639,+1-555-0639,639 Main Street,Hamburg,,Germany,46360,Enterprise
640,First640 Last640,First640,Last640,+1-555-0640,640 Main Street,Chicago,,USA,80087,Premium
641,First641 Last641,First641,Last641,+1-555-0641,641 Main Street,Kyoto,,Japan,85717,Premium
642,First642 Last642,First642,Last642,+1-555-0642,642 Main Street,Los Angeles,,USA,60604,Enterprise
643,First643 Last643,First643,Last643,+1-555-0643,643 Main Street,Munich,,Germany,39554,Premium
644,First644 Last644,First644,Last644,+1-555-0644,644 Main Street,Houston,,USA,57959,Enterprise
645,First645 Last645,First645,Last645,+1-555-0645,645 Main Street,New York,,USA,97883,Premium
646,First646 Last646,First646,Last646,+1-555-0646,646 Main Street,Munich,,Germany,48932,Premium
647,First647 Last647,First647,Last647,+1-555-0647,647 Main Street,Montreal,,Canada,30456,Premium
648,First648 Last648,First648,Last648,+1-555-0648,648 Main Street,Marseille,,France,93222,Premium
649,First649 Last649,First649,Last649,+1-555-0649,649 Main Street,Brisbane,,Australia,31889,Enterprise
650,First650 Last650,First650,Last650,+1-555-0650,650 Main Street,Melbourne,,Australia,93297,Enterprise
651,First651 Last651,First651,Last651,+1-555-0651,651 Main Street,London,,UK,71696,Enterprise
652,First652 Last652,First652,Last652,+1-555-0652,652 Main Street,Chicago,,USA,68794,Enterprise
653,First653 Last653,First653,Last653,+1-555-0653,653 Main Street,Marseille,,France,87730,Regular
654,First654 Last654,First654,Last654,+1-555-0654,654 Main Street,Kyoto,,Japan,50309,Premium
655,First655 Last655,First655,Last655,+1-555-0655,655 Main Street,Chicago,,USA,22039,Premium
656,First656 Last656,First656,Last656,+1-555-0656,656 Main Street,Sydney,,Australia,78605,Regular
657,First657 Last657,First657,Last657,+1-555-0657,657 Main Street,Berlin,,Germany,77235,Premium
658,First658 Last658,First658,Last658,+1-555-0658,658 Main Street,Birmingham,,UK,75635,Enterprise
659,First659 Last659,First659,Last659,+1-555-0659,659 Main Street,Lyon,,France,65292,Premium
660,First660 Last660,First660,Last660,+1-555-0660,660 Main Street,Vancouver,,Canada,95504,Regular
661,First661 Last661,First661,Last661,+1-555-0661,661 Main Street,Chicago,,USA,39066,Enterprise
662,First662 Last662,First662,Last662,+1-555-0662,662 Main Street,Brisbane,,Australia,20578,Enterprise
663,First663 Last663,First663,Last663,+1-555-0663,663 Main Street,Sydney,,Australia,41709,Enterprise
664,First664 Last664,First664,Last664,+1-555-0664,664 Main Street,Brisbane,,Australia,27661,Regular
665,First665 Last665,First665,Last665,+1-555-0665,665 Main Street,Marseille,,France,45119,Regular
666,First666 Last666,First666,Last666,+1-555-0666,666 Main Street,Chicago,,USA,88297,Enterprise
667,First667 Last667,First667,Last667,+1-555-0667,667 Main Street,Sydney,,Australia,50639,Regular
668,First668 Last668,First668,Last668,+1-555-0668,668 Main Street,Hamburg,,Germany,50962,Premium
669,First669 Last669,First669,Last669,+1-555-0669,669 Main Street,Marseille,,France,99511,Regular
670,First670 Last670,First670,Last670,+1-555-0670,670 Main Street,Osaka,,Japan,79217,Regular
671,First671 Last671,First671,Last671,+1-555-0671,671 Main Street,Birmingham,,UK,98366,Regular
672,First672 Last672,First672,Last672,+1-555-0672,672 Main Street,Lyon,,France,25360,Enterprise
673,First673 Last673,First673,Last673,+1-555-0673,673 Main Street,Manchester,,UK,23340,Regular
674,First674 Last674,First674,Last674,+1-555-0674,674 Main Street,Houston,,USA,36906,Enterprise
675,First675 Last675,First675,Last675,+1-555-0675,675 Main Street,Berlin,,Germany,63029,Enterprise
676,First676 Last676,First676,Last676,+1-555-0676,676 Main Street,London,,UK,19844,Regular
677,First677 Last677,First677,Last677,+1-555-0677,677 Main Street,Brisbane,,Australia,69922,Enterprise
678,First678 Last678,First678,Last678,+1-555-0678,678 Main Street,Berlin,,Germany,42973,Enterprise
679,First679 Last679,First679,Last679,+1-555-0679,679 Main Street,Manchester,,UK,41773,Enterprise
680,First680 Last680,First680,Last680,+1-555-0680,680 Main Street,Montreal,,Canada,73290,Premium
681,First681 Last681,First681,Last681,+1-555-0681,681 Main Street,Osaka,,Japan,59730,Regular
682,First682 Last682,First682,Last682,+1-555-0682,682 Main Street,Brisbane,,Australia,84435,Premium
683,First683 Last683,First683,Last683,+1-555-0683,683 Main Street,Houston,,USA,11901,Premium
684,First684 Last684,First684,Last684,+1-555-0684,684 Main Street,Houston,,USA,44487,Enterprise
685,First685 Last685,First685,Last685,+1-555-0685,685 Main Street,Los Angeles,,USA,97290,Premium
686,First686 Last686,First686,Last686,+1-555-0686,686 Main Street,London,,UK,31697,Enterprise
687,First687 Last687,First687,Last687,+1-555-0687,687 Main Street,Sydney,,Australia,31801,Premium
688,First688 Last688,First688,Last688,+1-555-0688,688 Main Street,Montreal,,Canada,49940,Regular
689,First689 Last689,First689,Last689,+1-555-0689,689 Main Street,Toronto,,Canada,10665,Enterprise
690,First690 Last690,First690,Last690,+1-555-0690,690 Main Street,Birmingham,,UK,32657,Premium
691,First691 Last691,First691,Last691,+1-555-0691,691 Main Street,Paris,,France,76978,Premium
692,First692 Last692,First692,Last692,+1-555-0692,692 Main Street,Lyon,,France,77867,Premium
693,First693 Last693,First693,Last693,+1-555-0693,693 Main Street,Melbourne,,Australia,63233,Enterprise
694,First694 Last694,First694,Last694,+1-555-0694,694 Main Street,Lyon,,France,29498,Regular
695,First695 Last695,First695,Last695,+1-555-0695,695 Main Street,Brisbane,,Australia,46906,Regular
696,First696 Last696,First696,Last696,+1-555-0696,696 Main Street,Osaka,,Japan,54528,Enterprise
697,First697 Last697,First697,Last697,+1-555-0697,697 Main Street,Tokyo,,Japan,18529,Premium
698,First698 Last698,First698,Last698,+1-555-0698,698 Main Street,Lyon,,France,90546,Regular
699,First699 Last699,First699,Last699,+1-555-0699,699 Main Street,Hamburg,,Germany,97798,Enterprise
700,First700 Last700,First700,Last700,+1-555-0700,700 Main Street,Osaka,,Japan,86019,Premium
701,First701 Last701,First701,Last701,+1-555-0701,701 Main Street,Toronto,,Canada,10498,Enterprise
702,First702 Last702,First702,Last702,+1-555-0702,702 Main Street,Kyoto,,Japan,41065,Premium
703,First703 Last703,First703,Last703,+1-555-0703,703 Main Street,Hamburg,,Germany,43455,Premium
704,First704 Last704,First704,Last704,+1-555-0704,704 Main Street,Toronto,,Canada,16056,Enterprise
705,First705 Last705,First705,Last705,+1-555-0705,705 Main Street,Lyon,,France,39900,Enterprise
706,First706 Last706,First706,Last706,+1-555-0706,706 Main Street,London,,UK,17862,Enterprise
707,First707 Last707,First707,Last707,+1-555-0707,707 Main Street,Vancouver,,Canada,97803,Premium
708,First708 Last708,First708,Last708,+1-555-0708,708 Main Street,Vancouver,,Canada,25293,Enterprise
709,First709 Last709,First709,Last709,+1-555-0709,709 Main Street,Brisbane,,Australia,90182,Premium
710,First710 Last710,First710,Last710,+1-555-0710,710 Main Street,Los Angeles,,USA,91193,Regular
711,First711 Last711,First711,Last711,+1-555-0711,711 Main Street,Melbourne,,Australia,68797,Regular
712,First712 Last712,First712,Last712,+1-555-0712,712 Main Street,Berlin,,Germany,41155,Enterprise
713,First713 Last713,First713,Last713,+1-555-0713,713 Main Street,Manchester,,UK,98797,Premium
714,First714 Last714,First714,Last714,+1-555-0714,714 Main Street,Brisbane,,Australia,40699,Premium
715,First715 Last715,First715,Last715,+1-555-0715,715 Main Street,Montreal,,Canada,83625,Enterprise
716,First716 Last716,First716,Last716,+1-555-0716,716 Main Street,Marseille,,France,26704,Regular
717,First717 Last717,First717,Last717,+1-555-0717,717 Main Street,New York,,USA,19190,Enterprise
718,First718 Last718,First718,Last718,+1-555-0718,718 Main Street,Houston,,USA,16733,Enterprise
719,First719 Last719,First719,Last719,+1-555-0719,719 Main Street,Montreal,,Canada,25069,Premium
720,First720 Last720,First720,Last720,+1-555-0720,720 Main Street,Marseille,,France,37805,Regular
721,First721 Last721,First721,Last721,+1-555-0721,721 Main Street,Houston,,USA,93584,Premium
722,First722 Last722,First722,Last722,+1-555-0722,722 Main Street,Brisbane,,Australia,84680,Premium
723,First723 Last723,First723,Last723,+1-555-0723,723 Main Street,Lyon,,France,29358,Enterprise
724,First724 Last724,First724,Last724,+1-555-0724,724 Main Street,Lyon,,France,54163,Enterprise
725,First725 Last725,First725,Last725,+1-555-0725,725 Main Street,Chicago,,USA,94594,Regular
726,First726 Last726,First726,Last726,+1-555-0726,726 Main Street,Vancouver,,Canada,17003,Regular
727,First727 Last727,First727,Last727,+1-555-0727,727 Main Street,Lyon,,France,13700,Enterprise
728,First728 Last728,First728,Last728,+1-555-0728,728 Main Street,Munich,,Germany,36227,Premium
729,First729 Last729,First729,Last729,+1-555-0729,729 Main Street,Houston,,USA,37392,Enterprise
730,First730 Last730,First730,Last730,+1-555-0730,730 Main Street,Melbourne,,Australia,54922,Enterprise
731,First731 Last731,First731,Last731,+1-555-0731,731 Main Street,Kyoto,,Japan,12770,Premium
732,First732 Last732,First732,Last732,+1-555-0732,732 Main Street,Osaka,,Japan,83622,Enterprise
733,First733 Last733,First733,Last733,+1-555-0733,733 Main Street,Lyon,,France,91471,Regular
734,First734 Last734,First734,Last734,+1-555-0734,734 Main Street,Sydney,,Australia,98132,Enterprise
735,First735 Last735,First735,Last735,+1-555-0735,735 Main Street,Osaka,,Japan,46249,Regular
736,First736 Last736,First736,Last736,+1-555-0736,736 Main Street,Berlin,,Germany,62379,Premium
737,First737 Last737,First737,Last737,+1-555-0737,737 Main Street,New York,,USA,72398,Enterprise
738,First738 Last738,First738,Last738,+1-555-0738,738 Main Street,Berlin,,Germany,17813,Regular
739,First739 Last739,First739,Last739,+1-555-0739,739 Main Street,Tokyo,,Japan,35173,Regular
740,First740 Last740,First740,Last740,+1-555-0740,740 Main Street,Brisbane,,Australia,25300,Regular
741,First741 Last741,First741,Last741,+1-555-0741,741 Main Street,Lyon,,France,93488,Enterprise
742,First742 Last742,First742,Last742,+1-555-0742,742 Main Street,Vancouver,,Canada,44033,Regular
743,First743 Last743,First743,Last743,+1-555-0743,743 Main Street,Toronto,,Canada,39728,Premium
744,First744 Last744,First744,Last744,+1-555-0744,744 Main Street,Munich,,Germany,93060,Regular
745,First745 Last745,First745,Last745,+1-555-0745,745 Main Street,Birmingham,,UK,51751,Regular
746,First746 Last746,First746,Last746,+1-555-0746,746 Main Street,Hamburg,,Germany,77163,Enterprise
747,First747 Last747,First747,Last747,+1-555-0747,747 Main Street,Montreal,,Canada,67838,Premium
748,First748 Last748,First748,Last748,+1-555-0748,748 Main Street,Marseille,,France,77824,Regular
749,First749 Last749,First749,Last749,+1-555-0749,749 Main Street,New York,,USA,92772,Premium
750,First750 Last750,First750,Last750,+1-555-0750,750 Main Street,Birmingham,,UK,81572,Regular
751,First751 Last751,First751,Last751,+1-555-0751,751 Main Street,Berlin,,Germany,51631,Enterprise
752,First752 Last752,First752,Last752,+1-555-0752,752 Main Street,Montreal,,Canada,81904,Premium
753,First753 Last753,First753,Last753,+1-555-0753,753 Main Street,Brisbane,,Australia,66994,Enterprise
754,First754 Last754,First754,Last754,+1-555-0754,754 Main Street,Osaka,,Japan,17263,Regular
755,First755 Last755,First755,Last755,+1-555-0755,755 Main Street,Osaka,,Japan,17433,Enterprise
756,First756 Last756,First756,Last756,+1-555-0756,756 Main Street,Hamburg,,Germany,61477,Premium
757,First757 Last757,First757,Last757,+1-555-0757,757 Main Street,Vancouver,,Canada,28915,Enterprise
758,First758 Last758,First758,Last758,+1-555-0758,758 Main Street,Manchester,,UK,92848,Regular
759,First759 Last759,First759,Last759,+1-555-0759,759 Main Street,Chicago,,USA,95333,Regular
760,First760 Last760,First760,Last760,+1-555-0760,760 Main Street,Chicago,,USA,23432,Enterprise
761,First761 Last761,First761,Last761,+1-555-0761,761 Main Street,Manchester,,UK,74986,Premium
762,First762 Last762,First762,Last762,+1-555-0762,762 Main Street,Brisbane,,Australia,67154,Regular
763,First763 Last763,First763,Last763,+1-555-0763,763 Main Street,Berlin,,Germany,79515,Enterprise
764,First764 Last764,First764,Last764,+1-555-0764,764 Main Street,Melbourne,,Australia,12609,Premium
765,First765 Last765,First765,Last765,+1-555-0765,765 Main Street,Hamburg,,Germany,62122,Enterprise
766,First766 Last766,First766,Last766,+1-555-0766,766 Main Street,Berlin,,Germany,34780,Premium
767,First767 Last767,First767,Last767,+1-555-0767,767 Main Street,Toronto,,Canada,92301,Regular
768,First768 Last768,First768,Last768,+1-555-0768,768 Main Street,Osaka,,Japan,24741,Enterprise
769,First769 Last769,First769,Last769,+1-555-0769,769 Main Street,Sydney,,Australia,85908,Enterprise
770,First770 Last770,First770,Last770,+1-555-0770,770 Main Street,Lyon,,France,25440,Enterprise
771,First771 Last771,First771,Last771,+1-555-0771,771 Main Street,Melbourne,,Australia,84767,Premium
772,First772 Last772,First772,Last772,+1-555-0772,772 Main Street,Manchester,,UK,91527,Enterprise
773,First773 Last773,First773,Last773,+1-555-0773,773 Main Street,Montreal,,Canada,83825,Premium
774,First774 Last774,First774,Last774,+1-555-0774,774 Main Street,New York,,USA,47684,Enterprise
775,First775 Last775,First775,Last775,+1-555-0775,775 Main Street,Montreal,,Canada,90513,Regular
776,First776 Last776,First776,Last776,+1-555-0776,776 Main Street,Paris,,France,88804,Enterprise
777,First777 Last777,First777,Last777,+1-555-0777,777 Main Street,Osaka,,Japan,11236,Premium
778,First778 Last778,First778,Last778,+1-555-0778,778 Main Street,Osaka,,Japan,17475,Enterprise
779,First779 Last779,First779,Last779,+1-555-0779,779 Main Street,Munich,,Germany,70728,Enterprise
780,First780 Last780,First780,Last780,+1-555-0780,780 Main Street,Kyoto,,Japan,13130,Regular
781,First781 Last781,First781,Last781,+1-555-0781,781 Main Street,Berlin,,Germany,57138,Premium
782,First782 Last782,First782,Last782,+1-555-0782,782 Main Street,Toronto,,Canada,35868,Enterprise
783,First783 Last783,First783,Last783,+1-555-0783,783 Main Street,Tokyo,,Japan,66667,Premium
784,First784 Last784,First784,Last784,+1-555-0784,784 Main Street,Tokyo,,Japan,28323,Enterprise
785,First785 Last785,First785,Last785,+1-555-0785,785 Main Street,Houston,,USA,94637,Premium
786,First786 Last786,First786,Last786,+1-555-0786,786 Main Street,Chicago,,USA,35213,Enterprise
787,First787 Last787,First787,Last787,+1-555-0787,787 Main Street,Berlin,,Germany,25373,Enterprise
788,First788 Last788,First788,Last788,+1-555-0788,788 Main Street,Paris,,France,42701,Regular
789,First789 Last789,First789,Last789,+1-555-0789,789 Main Street,Brisbane,,Australia,40749,Enterprise
790,First790 Last790,First790,Last790,+1-555-0790,790 Main Street,London,,UK,19686,Regular
791,First791 Last791,First791,Last791,+1-555-0791,791 Main Street,Munich,,Germany,15574,Regular
792,First792 Last792,First792,Last792,+1-555-0792,792 Main Street,Toronto,,Canada,30632,Regular
793,First793 Last793,First793,Last793,+1-555-0793,793 Main Street,London,,UK,69471,Enterprise
794,First794 Last794,First794,Last794,+1-555-0794,794 Main Street,Hamburg,,Germany,20120,Enterprise
795,First795 Last795,First795,Last795,+1-555-0795,795 Main Street,Marseille,,France,33089,Regular
796,First796 Last796,First796,Last796,+1-555-0796,796 Main Street,Brisbane,,Australia,47612,Enterprise
797,First797 Last797,First797,Last797,+1-555-0797,797 Main Street,Tokyo,,Japan,10360,Enterprise
798,First798 Last798,First798,Last798,+1-555-0798,798 Main Street,Houston,,USA,20583,Enterprise
799,First799 Last799,First799,Last799,+1-555-0799,799 Main Street,Birmingham,,UK,40768,Regular
800,First800 Last800,First800,Last800,+1-555-0800,800 Main Street,Berlin,,Germany,73813,Enterprise
801,First801 Last801,First801,Last801,+1-555-0801,801 Main Street,Montreal,,Canada,69861,Enterprise
802,First802 Last802,First802,Last802,+1-555-0802,802 Main Street,Tokyo,,Japan,10249,Premium
803,First803 Last803,First803,Last803,+1-555-0803,803 Main Street,Montreal,,Canada,19805,Premium
804,First804 Last804,First804,Last804,+1-555-0804,804 Main Street,Sydney,,Australia,35011,Regular
805,First805 Last805,First805,Last805,+1-555-0805,805 Main Street,Marseille,,France,46266,Regular
806,First806 Last806,First806,Last806,+1-555-0806,806 Main Street,Birmingham,,UK,62721,Premium
807,First807 Last807,First807,Last807,+1-555-0807,807 Main Street,Melbourne,,Australia,24572,Premium
808,First808 Last808,First808,Last808,+1-555-0808,808 Main Street,Paris,,France,18131,Enterprise
809,First809 Last809,First809,Last809,+1-555-0809,809 Main Street,Montreal,,Canada,25911,Regular
810,First810 Last810,First810,Last810,+1-555-0810,810 Main Street,London,,UK,92197,Enterprise
811,First811 Last811,First811,Last811,+1-555-0811,811 Main Street,Osaka,,Japan,17616,Regular
812,First812 Last812,First812,Last812,+1-555-0812,812 Main Street,Tokyo,,Japan,94170,Enterprise
813,First813 Last813,First813,Last813,+1-555-0813,813 Main Street,Montreal,,Canada,82322,Enterprise
814,First814 Last814,First814,Last814,+1-555-0814,814 Main Street,Los Angeles,,USA,98889,Enterprise
815,First815 Last815,First815,Last815,+1-555-0815,815 Main Street,London,,UK,69587,Enterprise
816,First816 Last816,First816,Last816,+1-555-0816,816 Main Street,Chicago,,USA,13693,Regular
817,First817 Last817,First817,Last817,+1-555-0817,817 Main Street,Marseille,,France,76083,Regular
818,First818 Last818,First818,Last818,+1-555-0818,818 Main Street,Tokyo,,Japan,20939,Premium
819,First819 Last819,First819,Last819,+1-555-0819,819 Main Street,Manchester,,UK,59025,Premium
820,First820 Last820,First820,Last820,+1-555-0820,820 Main Street,Paris,,France,86372,Enterprise
821,First821 Last821,First821,Last821,+1-555-0821,821 Main Street,Marseille,,France,84653,Premium
822,First822 Last822,First822,Last822,+1-555-0822,822 Main Street,Berlin,,Germany,63189,Premium
823,First823 Last823,First823,Last823,+1-555-0823,823 Main Street,Montreal,,Canada,45789,Enterprise
824,First824 Last824,First824,Last824,+1-555-0824,824 Main Street,Montreal,,Canada,19444,Regular
825,First825 Last825,First825,Last825,+1-555-0825,825 Main Street,Chicago,,USA,39684,Regular
826,First826 Last826,First826,Last826,+1-555-0826,826 Main Street,Berlin,,Germany,66240,Regular
827,First827 Last827,First827,Last827,+1-555-0827,827 Main Street,Toronto,,Canada,11694,Enterprise
828,First828 Last828,First828,Last828,+1-555-0828,828 Main Street,Montreal,,Canada,83009,Regular
829,First829 Last829,First829,Last829,+1-555-0829,829 Main Street,Paris,,France,30163,Enterprise
830,First830 Last830,First830,Last830,+1-555-0830,830 Main Street,Toronto,,Canada,91687,Enterprise
831,First831 Last831,First831,Last831,+1-555-0831,831 Main Street,London,,UK,40195,Enterprise
832,First832 Last832,First832,Last832,+1-555-0832,832 Main Street,Marseille,,France,83598,Regular
833,First833 Last833,First833,Last833,+1-555-0833,833 Main Street,Munich,,Germany,41262,Premium
834,First834 Last834,First834,Last834,+1-555-0834,834 Main Street,Kyoto,,Japan,14647,Enterprise
835,First835 Last835,First835,Last835,+1-555-0835,835 Main Street,Hamburg,,Germany,45504,Enterprise
836,First836 Last836,First836,Last836,+1-555-0836,836 Main Street,Hamburg,,Germany,10517,Regular
837,First837 Last837,First837,Last837,+1-555-0837,837 Main Street,Munich,,Germany,10067,Enterprise
838,First838 Last838,First838,Last838,+1-555-0838,838 Main Street,Marseille,,France,24029,Premium
839,First839 Last839,First839,Last839,+1-555-0839,839 Main Street,Paris,,France,64194,Regular
840,First840 Last840,First840,Last840,+1-555-0840,840 Main Street,Los Angeles,,USA,10911,Premium
841,First841 Last841,First841,Last841,+1-555-0841,841 Main Street,Sydney,,Australia,51594,Premium
842,First842 Last842,First842,Last842,+1-555-0842,842 Main Street,Montreal,,Canada,97140,Regular
843,First843 Last843,First843,Last843,+1-555-0843,843 Main Street,Birmingham,,UK,11914,Enterprise
844,First844 Last844,First844,Last844,+1-555-0844,844 Main Street,Chicago,,USA,62104,Regular
845,First845 Last845,First845,Last845,+1-555-0845,845 Main Street,Paris,,France,31871,Premium
846,First846 Last846,First846,Last846,+1-555-0846,846 Main Street,Kyoto,,Japan,58558,Enterprise
847,First847 Last847,First847,Last847,+1-555-0847,847 Main Street,Brisbane,,Australia,63428,Enterprise
848,First848 Last848,First848,Last848,+1-555-0848,848 Main Street,Vancouver,,Canada,69243,Premium
849,First849 Last849,First849,Last849,+1-555-0849,849 Main Street,Montreal,,Canada,10065,Enterprise
850,First850 Last850,First850,Last850,+1-555-0850,850 Main Street,Montreal,,Canada,77874,Enterprise
851,First851 Last851,First851,Last851,+1-555-0851,851 Main Street,Vancouver,,Canada,88245,Premium
852,First852 Last852,First852,Last852,+1-555-0852,852 Main Street,Montreal,,Canada,92189,Premium
853,First853 Last853,First853,Last853,+1-555-0853,853 Main Street,Berlin,,Germany,65873,Enterprise
854,First854 Last854,First854,Last854,+1-555-0854,854 Main Street,Sydney,,Australia,58093,Enterprise
855,First855 Last855,First855,Last855,+1-555-0855,855 Main Street,Manchester,,UK,28219,Premium
856,First856 Last856,First856,Last856,+1-555-0856,856 Main Street,Vancouver,,Canada,11912,Regular
857,First857 Last857,First857,Last857,+1-555-0857,857 Main Street,Birmingham,,UK,12316,Enterprise
858,First858 Last858,First858,Last858,+1-555-0858,858 Main Street,Lyon,,France,89598,Premium
859,First859 Last859,First859,Last859,+1-555-0859,859 Main Street,London,,UK,19970,Premium
860,First860 Last860,First860,Last860,+1-555-0860,860 Main Street,Manchester,,UK,58486,Enterprise
861,First861 Last861,First861,Last861,+1-555-0861,861 Main Street,Lyon,,France,37620,Enterprise
862,First862 Last862,First862,Last862,+1-555-0862,862 Main Street,Melbourne,,Australia,36137,Premium
863,First863 Last863,First863,Last863,+1-555-0863,863 Main Street,Paris,,France,23212,Enterprise
864,First864 Last864,First864,Last864,+1-555-0864,864 Main Street,Melbourne,,Australia,18150,Enterprise
865,First865 Last865,First865,Last865,+1-555-0865,865 Main Street,Montreal,,Canada,40919,Enterprise
866,First866 Last866,First866,Last866,+1-555-0866,866 Main Street,Toronto,,Canada,33388,Regular
867,First867 Last867,First867,Last867,+1-555-0867,867 Main Street,Kyoto,,Japan,58637,Enterprise
868,First868 Last868,First868,Last868,+1-555-0868,868 Main Street,Montreal,,Canada,46949,Enterprise
869,First869 Last869,First869,Last869,+1-555-0869,869 Main Street,Sydney,,Australia,62029,Premium
870,First870 Last870,First870,Last870,+1-555-0870,870 Main Street,Vancouver,,Canada,22021,Enterprise
871,First871 Last871,First871,Last871,+1-555-0871,871 Main Street,London,,UK,83141,Enterprise
872,First872 Last872,First872,Last872,+1-555-0872,872 Main Street,Berlin,,Germany,25656,Enterprise
873,First873 Last873,First873,Last873,+1-555-0873,873 Main Street,Osaka,,Japan,71427,Enterprise
874,First874 Last874,First874,Last874,+1-555-0874,874 Main Street,Sydney,,Australia,34783,Regular
875,First875 Last875,First875,Last875,+1-555-0875,875 Main Street,Paris,,France,76672,Premium
876,First876 Last876,First876,Last876,+1-555-0876,876 Main Street,Vancouver,,Canada,42592,Premium
877,First877 Last877,First877,Last877,+1-555-0877,877 Main Street,Sydney,,Australia,17377,Premium
878,First878 Last878,First878,Last878,+1-555-0878,878 Main Street,Melbourne,,Australia,11520,Enterprise
879,First879 Last879,First879,Last879,+1-555-0879,879 Main Street,Chicago,,USA,76234,Enterprise
880,First880 Last880,First880,Last880,+1-555-0880,880 Main Street,Montreal,,Canada,61577,Premium
881,First881 Last881,First881,Last881,+1-555-0881,881 Main Street,Marseille,,France,25003,Enterprise
882,First882 Last882,First882,Last882,+1-555-0882,882 Main Street,Osaka,,Japan,25435,Enterprise
883,First883 Last883,First883,Last883,+1-555-0883,883 Main Street,Chicago,,USA,82393,Premium
884,First884 Last884,First884,Last884,+1-555-0884,884 Main Street,Los Angeles,,USA,49695,Premium
885,First885 Last885,First885,Last885,+1-555-0885,885 Main Street,Kyoto,,Japan,17678,Premium
886,First886 Last886,First886,Last886,+1-555-0886,886 Main Street,Brisbane,,Australia,90281,Regular
887,First887 Last887,First887,Last887,+1-555-0887,887 Main Street,Osaka,,Japan,42306,Regular
888,First888 Last888,First888,Last888,+1-555-0888,888 Main Street,Hamburg,,Germany,18259,Regular
889,First889 Last889,First889,Last889,+1-555-0889,889 Main Street,Osaka,,Japan,71851,Regular
890,First890 Last890,First890,Last890,+1-555-0890,890 Main Street,Los Angeles,,USA,70192,Regular
891,First891 Last891,First891,Last891,+1-555-0891,891 Main Street,Manchester,,UK,19941,Enterprise
892,First892 Last892,First892,Last892,+1-555-0892,892 Main Street,Birmingham,,UK,72167,Enterprise
893,First893 Last893,First893,Last893,+1-555-0893,893 Main Street,Manchester,,UK,37651,Enterprise
894,First894 Last894,First894,Last894,+1-555-0894,894 Main Street,Manchester,,UK,25017,Premium
895,First895 Last895,First895,Last895,+1-555-0895,895 Main Street,Berlin,,Germany,83875,Premium
896,First896 Last896,First896,Last896,+1-555-0896,896 Main Street,Munich,,Germany,21452,Regular
897,First897 Last897,First897,Last897,+1-555-0897,897 Main Street,London,,UK,60069,Enterprise
898,First898 Last898,First898,Last898,+1-555-0898,898 Main Street,London,,UK,70127,Enterprise
899,First899 Last899,First899,Last899,+1-555-0899,899 Main Street,Montreal,,Canada,58019,Enterprise
900,First900 Last900,First900,Last900,+1-555-0900,900 Main Street,Vancouver,,Canada,21259,Regular
901,First901 Last901,First901,Last901,+1-555-0901,901 Main Street,Vancouver,,Canada,30928,Enterprise
902,First902 Last902,First902,Last902,+1-555-0902,902 Main Street,Chicago,,USA,71987,Regular
903,First903 Last903,First903,Last903,+1-555-0903,903 Main Street,Brisbane,,Australia,61163,Premium
904,First904 Last904,First904,Last904,+1-555-0904,904 Main Street,Brisbane,,Australia,55612,Enterprise
905,First905 Last905,First905,Last905,+1-555-0905,905 Main Street,New York,,USA,79098,Regular
906,First906 Last906,First906,Last906,+1-555-0906,906 Main Street,Paris,,France,52577,Regular
907,First907 Last907,First907,Last907,+1-555-0907,907 Main Street,Houston,,USA,15808,Enterprise
908,First908 Last908,First908,Last908,+1-555-0908,908 Main Street,Birmingham,,UK,33356,Premium
909,First909 Last909,First909,Last909,+1-555-0909,909 Main Street,Marseille,,France,32482,Premium
910,First910 Last910,First910,Last910,+1-555-0910,910 Main Street,Melbourne,,Australia,86993,Regular
911,First911 Last911,First911,Last911,+1-555-0911,911 Main Street,Birmingham,,UK,24071,Enterprise
912,First912 Last912,First912,Last912,+1-555-0912,912 Main Street,Marseille,,France,86007,Premium
913,First913 Last913,First913,Last913,+1-555-0913,913 Main Street,Hamburg,,Germany,20007,Enterprise
914,First914 Last914,First914,Last914,+1-555-0914,914 Main Street,Birmingham,,UK,57445,Regular
915,First915 Last915,First915,Last915,+1-555-0915,915 Main Street,Los Angeles,,USA,11438,Regular
916,First916 Last916,First916,Last916,+1-555-0916,916 Main Street,Montreal,,Canada,70892,Premium
917,First917 Last917,First917,Last917,+1-555-0917,917 Main Street,Birmingham,,UK,60824,Premium
918,First918 Last918,First918,Last918,+1-555-0918,918 Main Street,Marseille,,France,36302,Regular
919,First919 Last919,First919,Last919,+1-555-0919,919 Main Street,Osaka,,Japan,81554,Regular
920,First920 Last920,First920,Last920,+1-555-0920,920 Main Street,Melbourne,,Australia,76505,Premium
921,First921 Last921,First921,Last921,+1-555-0921,921 Main Street,Montreal,,Canada,81437,Regular
922,First922 Last922,First922,Last922,+1-555-0922,922 Main Street,Brisbane,,Australia,49699,Premium
923,First923 Last923,First923,Last923,+1-555-0923,923 Main Street,Marseille,,France,37100,Enterprise
924,First924 Last924,First924,Last924,+1-555-0924,924 Main Street,New York,,USA,43641,Regular
925,First925 Last925,First925,Last925,+1-555-0925,925 Main Street,Vancouver,,Canada,48062,Regular
926,First926 Last926,First926,Last926,+1-555-0926,926 Main Street,Los Angeles,,USA,97205,Enterprise
927,First927 Last927,First927,Last927,+1-555-0927,927 Main Street,London,,UK,20134,Premium
928,First928 Last928,First928,Last928,+1-555-0928,928 Main Street,Toronto,,Canada,79445,Premium
929,First929 Last929,First929,Last929,+1-555-0929,929 Main Street,Berlin,,Germany,67453,Enterprise
930,First930 Last930,First930,Last930,+1-555-0930,930 Main Street,Manchester,,UK,36024,Enterprise
931,First931 Last931,First931,Last931,+1-555-0931,931 Main Street,Paris,,France,20581,Enterprise
932,First932 Last932,First932,Last932,+1-555-0932,932 Main Street,Lyon,,France,86264,Enterprise
933,First933 Last933,First933,Last933,+1-555-0933,933 Main Street,Chicago,,USA,23986,Enterprise
934,First934 Last934,First934,Last934,+1-555-0934,934 Main Street,Kyoto,,Japan,59754,Enterprise
935,First935 Last935,First935,Last935,+1-555-0935,935 Main Street,Paris,,France,29982,Enterprise
936,First936 Last936,First936,Last936,+1-555-0936,936 Main Street,Osaka,,Japan,40181,Premium
937,First937 Last937,First937,Last937,+1-555-0937,937 Main Street,Montreal,,Canada,21464,Enterprise
938,First938 Last938,First938,Last938,+1-555-0938,938 Main Street,Sydney,,Australia,83606,Premium
939,First939 Last939,First939,Last939,+1-555-0939,939 Main Street,Hamburg,,Germany,61694,Regular
940,First940 Last940,First940,Last940,+1-555-0940,940 Main Street,Birmingham,,UK,20011,Enterprise
941,First941 Last941,First941,Last941,+1-555-0941,941 Main Street,Marseille,,France,54687,Enterprise
942,First942 Last942,First942,Last942,+1-555-0942,942 Main Street,Melbourne,,Australia,55638,Premium
943,First943 Last943,First943,Last943,+1-555-0943,943 Main Street,Chicago,,USA,16947,Enterprise
944,First944 Last944,First944,Last944,+1-555-0944,944 Main Street,Toronto,,Canada,94556,Premium
945,First945 Last945,First945,Last945,+1-555-0945,945 Main Street,Birmingham,,UK,48191,Regular
946,First946 Last946,First946,Last946,+1-555-0946,946 Main Street,Hamburg,,Germany,11804,Regular
947,First947 Last947,First947,Last947,+1-555-0947,947 Main Street,Hamburg,,Germany,46951,Premium
948,First948 Last948,First948,Last948,+1-555-0948,948 Main Street,Montreal,,Canada,46308,Premium
949,First949 Last949,First949,Last949,+1-555-0949,949 Main Street,Osaka,,Japan,68798,Premium
950,First950 Last950,First950,Last950,+1-555-0950,950 Main Street,Toronto,,Canada,79293,Enterprise
951,First951 Last951,First951,Last951,+1-555-0951,951 Main Street,Houston,,USA,47831,Premium
952,First952 Last952,First952,Last952,+1-555-0952,952 Main Street,New York,,USA,53022,Enterprise
953,First953 Last953,First953,Last953,+1-555-0953,953 Main Street,Toronto,,Canada,96595,Enterprise
954,First954 Last954,First954,Last954,+1-555-0954,954 Main Street,Melbourne,,Australia,37384,Premium
955,First955 Last955,First955,Last955,+1-555-0955,955 Main Street,Toronto,,Canada,64455,Premium
956,First956 Last956,First956,Last956,+1-555-0956,956 Main Street,Munich,,Germany,14876,Premium
957,First957 Last957,First957,Last957,+1-555-0957,957 Main Street,Chicago,,USA,12357,Enterprise
958,First958 Last958,First958,Last958,+1-555-0958,958 Main Street,Houston,,USA,95074,Regular
959,First959 Last959,First959,Last959,+1-555-0959,959 Main Street,Birmingham,,UK,74680,Enterprise
960,First960 Last960,First960,Last960,+1-555-0960,960 Main Street,Berlin,,Germany,87564,Enterprise
961,First961 Last961,First961,Last961,+1-555-0961,961 Main Street,Osaka,,Japan,17584,Premium
962,First962 Last962,First962,Last962,+1-555-0962,962 Main Street,Los Angeles,,USA,50650,Premium
963,First963 Last963,First963,Last963,+1-555-0963,963 Main Street,Vancouver,,Canada,18103,Enterprise
964,First964 Last964,First964,Last964,+1-555-0964,964 Main Street,Munich,,Germany,65703,Enterprise
965,First965 Last965,First965,Last965,+1-555-0965,965 Main Street,Melbourne,,Australia,73715,Regular
966,First966 Last966,First966,Last966,+1-555-0966,966 Main Street,Houston,,USA,46481,Regular
967,First967 Last967,First967,Last967,+1-555-0967,967 Main Street,Birmingham,,UK,64327,Premium
968,First968 Last968,First968,Last968,+1-555-0968,968 Main Street,Toronto,,Canada,36315,Regular
969,First969 Last969,First969,Last969,+1-555-0969,969 Main Street,Toronto,,Canada,25915,Regular
970,First970 Last970,First970,Last970,+1-555-0970,970 Main Street,Brisbane,,Australia,24912,Regular
971,First971 Last971,First971,Last971,+1-555-0971,971 Main Street,Marseille,,France,99383,Regular
972,First972 Last972,First972,Last972,+1-555-0972,972 Main Street,Berlin,,Germany,58372,Enterprise
973,First973 Last973,First973,Last973,+1-555-0973,973 Main Street,Vancouver,,Canada,99080,Premium
974,First974 Last974,First974,Last974,+1-555-0974,974 Main Street,Toronto,,Canada,57569,Premium
975,First975 Last975,First975,Last975,+1-555-0975,975 Main Street,Houston,,USA,92484,Enterprise
976,First976 Last976,First976,Last976,+1-555-0976,976 Main Street,Berlin,,Germany,66121,Enterprise
977,First977 Last977,First977,Last977,+1-555-0977,977 Main Street,Toronto,,Canada,28928,Enterprise
978,First978 Last978,First978,Last978,+1-555-0978,978 Main Street,Manchester,,UK,22867,Premium
979,First979 Last979,First979,Last979,+1-555-0979,979 Main Street,Manchester,,UK,39825,Premium
980,First980 Last980,First980,Last980,+1-555-0980,980 Main Street,Paris,,France,70281,Regular
981,First981 Last981,First981,Last981,+1-555-0981,981 Main Street,Montreal,,Canada,58522,Regular
982,First982 Last982,First982,Last982,+1-555-0982,982 Main Street,Vancouver,,Canada,81226,Premium
983,First983 Last983,First983,Last983,+1-555-0983,983 Main Street,Melbourne,,Australia,25050,Enterprise
984,First984 Last984,First984,Last984,+1-555-0984,984 Main Street,Manchester,,UK,90954,Regular
985,First985 Last985,First985,Last985,+1-555-0985,985 Main Street,Montreal,,Canada,31791,Enterprise
986,First986 Last986,First986,Last986,+1-555-0986,986 Main Street,Montreal,,Canada,30520,Premium
987,First987 Last987,First987,Last987,+1-555-0987,987 Main Street,Sydney,,Australia,33789,Enterprise
988,First988 Last988,First988,Last988,+1-555-0988,988 Main Street,Manchester,,UK,96980,Enterprise
989,First989 Last989,First989,Last989,+1-555-0989,989 Main Street,London,,UK,31124,Regular
990,First990 Last990,First990,Last990,+1-555-0990,990 Main Street,Munich,,Germany,31854,Regular
991,First991 Last991,First991,Last991,+1-555-0991,991 Main Street,Manchester,,UK,35992,Regular
992,First992 Last992,First992,Last992,+1-555-0992,992 Main Street,Osaka,,Japan,24114,Premium
993,First993 Last993,First993,Last993,+1-555-0993,993 Main Street,Paris,,France,74291,Regular
994,First994 Last994,First994,Last994,+1-555-0994,994 Main Street,Toronto,,Canada,22373,Regular
995,First995 Last995,First995,Last995,+1-555-0995,995 Main Street,Vancouver,,Canada,57665,Regular
996,First996 Last996,First996,Last996,+1-555-0996,996 Main Street,Tokyo,,Japan,88544,Premium
997,First997 Last997,First997,Last997,+1-555-0997,997 Main Street,Hamburg,,Germany,12323,Enterprise
998,First998 Last998,First998,Last998,+1-555-0998,998 Main Street,Marseille,,France,84657,Regular
999,First999 Last999,First999,Last999,+1-555-0999,999 Main Street,Melbourne,,Australia,89766,Premium
1000,First1000 Last1000,First1000,Last1000,+1-555-1000,1000 Main Street,Lyon,,France,29177,Regular
